coefficient_column_index,feature_name,feature_type,transformation,base_input_1,base_input_1_unit,base_input_1_min,base_input_1_max,base_input_1_pathway,base_input_1_description,base_input_2,base_input_2_unit,n_outputs_nonzero,stability_selection_frequency,hc3_retained,delta_nrmse_if_removed
0,OHC.PY sensi multiplier[HEFA],numeric,identity,OHC.PY sensi multiplier[HEFA],unitless,0.75,1.25,Oilcrop HEFA,"Multiplier applied to conversion process yield (i.e., gallons fuel per ton feedstock)",,,3802,1.0,True,0.6144314170022189
1,WW.PY sensi multiplier[SludgeToHTL],numeric,identity,WW.PY sensi multiplier[SludgeToHTL],unitless,0.75,1.25,Sewage Sludge HTL,"Multiplier applied to conversion process yield (i.e., gallons fuel per ton feedstock)",,,2815,1.0,True,0.3025369395339511
2,inverse_OHC.PY sensi multiplier[HEFA],transformation,inverse,OHC.PY sensi multiplier[HEFA],unitless,0.75,1.25,Oilcrop HEFA,"Multiplier applied to conversion process yield (i.e., gallons fuel per ton feedstock)",,,4203,1.0,True,0.2510628579809305
3,WW.PY sensi multiplier[SludgeToHTL]:WW.progress ratios commercial[SludgeToHTL],interaction,interaction,WW.PY sensi multiplier[SludgeToHTL],unitless,0.75,1.25,Sewage Sludge HTL,"Multiplier applied to conversion process yield (i.e., gallons fuel per ton feedstock)",WW.progress ratios commercial[SludgeToHTL],1/doubling,2582,1.0,True,0.1975862930136228
4,sqrt_AHC.PY sensi multiplier[HEFA],transformation,sqrt,AHC.PY sensi multiplier[HEFA],unitless,0.75,1.25,Algal HEFA,"Multiplier applied to conversion process yield (i.e., gallons fuel per ton feedstock)",,,498,1.0,True,0.4363659959465492
5,WW.Mature Industry Rate of Return as PCT[SludgeToHTL]:WW.progress ratios commercial[SludgeToHTL],interaction,interaction,WW.Mature Industry Rate of Return as PCT[SludgeToHTL],%/yr,5.0,15.0,Sewage Sludge HTL,Sets required rate of return on investment for conversion facility. Used in calculation of net present value of prospective investment,WW.progress ratios commercial[SludgeToHTL],1/doubling,3070,1.0,True,0.0889900797964267
6,WW.Mature Industry Rate of Return as PCT[SludgeToHTL],numeric,identity,WW.Mature Industry Rate of Return as PCT[SludgeToHTL],%/yr,5.0,15.0,Sewage Sludge HTL,Sets required rate of return on investment for conversion facility. Used in calculation of net present value of prospective investment,,,4352,1.0,True,0.1077766527939151
7,sqrt_AHC.PY sensi multiplier[HTL],transformation,sqrt,AHC.PY sensi multiplier[HTL],unitless,0.75,1.25,Algal HTL,"Multiplier applied to conversion process yield (i.e., gallons fuel per ton feedstock)",,,750,1.0,True,0.3399163636318917
8,OHC.PY sensi multiplier[HEFABrownfield]:OHC.PY sensi multiplier[HEFA],interaction,interaction,OHC.PY sensi multiplier[HEFABrownfield],unitless,0.75,1.25,Oilcrop HEFA (Brownfield),"Multiplier applied to conversion process yield (i.e., gallons fuel per ton feedstock)",OHC.PY sensi multiplier[HEFA],unitless,4205,1.0,True,0.1672227201701721
9,WW.PY sensi multiplier[ManureToHTL],numeric,identity,WW.PY sensi multiplier[ManureToHTL],unitless,0.75,1.25,Manure HTL,"Multiplier applied to conversion process yield (i.e., gallons fuel per ton feedstock)",,,1328,1.0,True,0.0630332884812242
10,CHC.PY sensi multiplier[Thermochem]:CHC.Mature Industry Rate of Return as PCT[Thermochem],interaction,interaction,CHC.PY sensi multiplier[Thermochem],unitless,0.75,1.25,Cellulosic Thermochem,"Multiplier applied to conversion process yield (i.e., gallons fuel per ton feedstock)",CHC.Mature Industry Rate of Return as PCT[Thermochem],%/yr,5938,1.0,True,0.0853583281801083
11,AHC.PY sensi multiplier[HEFA],numeric,identity,AHC.PY sensi multiplier[HEFA],unitless,0.75,1.25,Algal HEFA,"Multiplier applied to conversion process yield (i.e., gallons fuel per ton feedstock)",,,494,1.0,True,0.1660592123685048
12,AHC.PY sensi multiplier[HTL],numeric,identity,AHC.PY sensi multiplier[HTL],unitless,0.75,1.25,Algal HTL,"Multiplier applied to conversion process yield (i.e., gallons fuel per ton feedstock)",,,757,1.0,True,0.1309083280530517
13,CHC.PY sensi multiplier[Thermochem]:CHC.initial indices of Commercial Maturity[Thermochem],interaction,interaction,CHC.PY sensi multiplier[Thermochem],unitless,0.75,1.25,Cellulosic Thermochem,"Multiplier applied to conversion process yield (i.e., gallons fuel per ton feedstock)",CHC.initial indices of Commercial Maturity[Thermochem],unitless,5162,1.0,True,0.0330045428932344
14,CHC.Mature Industry Rate of Return as PCT[Brownfield],numeric,identity,CHC.Mature Industry Rate of Return as PCT[Brownfield],%/yr,5.0,15.0,Cellulosic Thermochem (Brownfield),Sets required rate of return on investment for conversion facility. Used in calculation of net present value of prospective investment,,,2881,1.0,True,0.073496436043432
15,CHC.initial indices of Commercial Maturity[Brownfield]:CHC.PY sensi multiplier[Brownfield],interaction,interaction,CHC.initial indices of Commercial Maturity[Brownfield],unitless,0.0,0.7,Cellulosic Thermochem (Brownfield),Sets initial value for commercial maturity for conversion pathway on 0-1 scale,CHC.PY sensi multiplier[Brownfield],unitless,4575,1.0,True,0.0370118213518686
16,CHC.Mature Industry Rate of Return as PCT[Thermochem],numeric,identity,CHC.Mature Industry Rate of Return as PCT[Thermochem],%/yr,5.0,15.0,Cellulosic Thermochem,Sets required rate of return on investment for conversion facility. Used in calculation of net present value of prospective investment,,,4850,1.0,True,0.0521374059650106
17,OHC.PY sensi multiplier[HEFABrownfield],numeric,identity,OHC.PY sensi multiplier[HEFABrownfield],unitless,0.75,1.25,Oilcrop HEFA (Brownfield),"Multiplier applied to conversion process yield (i.e., gallons fuel per ton feedstock)",,,2940,1.0,True,0.6406087805797809
18,WW.PY sensi multiplier[ManureToHTL]:WW.Mature Industry Rate of Return as PCT[ManureToHTL],interaction,interaction,WW.PY sensi multiplier[ManureToHTL],unitless,0.75,1.25,Manure HTL,"Multiplier applied to conversion process yield (i.e., gallons fuel per ton feedstock)",WW.Mature Industry Rate of Return as PCT[ManureToHTL],%/yr,2832,1.0,True,0.0167221031686623
19,CHC.PY sensi multiplier[Thermochem]:CHC.FCI  sensi multiplier[Thermochem],interaction,interaction,CHC.PY sensi multiplier[Thermochem],unitless,0.75,1.25,Cellulosic Thermochem,"Multiplier applied to conversion process yield (i.e., gallons fuel per ton feedstock)",CHC.FCI  sensi multiplier[Thermochem],unitless,5052,1.0,True,0.0926385996600637
20,CHC.PY sensi multiplier[Thermochem],numeric,identity,CHC.PY sensi multiplier[Thermochem],unitless,0.75,1.25,Cellulosic Thermochem,"Multiplier applied to conversion process yield (i.e., gallons fuel per ton feedstock)",,,6283,1.0,True,0.2270802854282371
21,CHC.initial indices of Commercial Maturity[Brownfield]:CHC.Mature Industry Rate of Return as PCT[Brownfield],interaction,interaction,CHC.initial indices of Commercial Maturity[Brownfield],unitless,0.0,0.7,Cellulosic Thermochem (Brownfield),Sets initial value for commercial maturity for conversion pathway on 0-1 scale,CHC.Mature Industry Rate of Return as PCT[Brownfield],%/yr,5348,1.0,True,0.0244816240186738
22,OHC.PY sensi multiplier[HEFA]:OHC.progress ratios commercial[HEFA],interaction,interaction,OHC.PY sensi multiplier[HEFA],unitless,0.75,1.25,Oilcrop HEFA,"Multiplier applied to conversion process yield (i.e., gallons fuel per ton feedstock)",OHC.progress ratios commercial[HEFA],1/doubling,2525,1.0,True,0.130245809924965
23,WW.progress ratios commercial[SludgeToHTL]:WW.FCI  sensi multiplier[SludgeToHTL],interaction,interaction,WW.progress ratios commercial[SludgeToHTL],1/doubling,0.65,0.85,Sewage Sludge HTL,Sets rate at which each doubling of cumulative production impacts commercial maturity of conversion pathway,WW.FCI  sensi multiplier[SludgeToHTL],unitless,2427,1.0,True,0.0610231365261371
24,CHC.Mature Industry Rate of Return as PCT[Thermochem]:CHC.FCI  sensi multiplier[Thermochem],interaction,interaction,CHC.Mature Industry Rate of Return as PCT[Thermochem],%/yr,5.0,15.0,Cellulosic Thermochem,Sets required rate of return on investment for conversion facility. Used in calculation of net present value of prospective investment,CHC.FCI  sensi multiplier[Thermochem],unitless,4259,1.0,True,0.0282372081926088
25,CHC.FCI  sensi multiplier[Thermochem],numeric,identity,CHC.FCI  sensi multiplier[Thermochem],unitless,0.75,1.25,Cellulosic Thermochem,Multiplier that is applied to fixed capital investment cost for conversion facility,,,4131,1.0,True,0.0894656688364453
26,inverse_WW.PY sensi multiplier[ManureToHTL],transformation,inverse,WW.PY sensi multiplier[ManureToHTL],unitless,0.75,1.25,Manure HTL,"Multiplier applied to conversion process yield (i.e., gallons fuel per ton feedstock)",,,1209,1.0,True,0.0312104580590667
27,CHC.Mature Industry Rate of Return as PCT[Thermochem]:CHC.initial indices of Commercial Maturity[Thermochem],interaction,interaction,CHC.Mature Industry Rate of Return as PCT[Thermochem],%/yr,5.0,15.0,Cellulosic Thermochem,Sets required rate of return on investment for conversion facility. Used in calculation of net present value of prospective investment,CHC.initial indices of Commercial Maturity[Thermochem],unitless,5523,1.0,True,0.0142884111485036
28,CHC.initial indices of Commercial Maturity[Brownfield]:CHC.FCI  sensi multiplier[Brownfield],interaction,interaction,CHC.initial indices of Commercial Maturity[Brownfield],unitless,0.0,0.7,Cellulosic Thermochem (Brownfield),Sets initial value for commercial maturity for conversion pathway on 0-1 scale,CHC.FCI  sensi multiplier[Brownfield],unitless,3642,1.0,True,0.0169162356282615
29,inverse_WW.PY sensi multiplier[SludgeToHTL],transformation,inverse,WW.PY sensi multiplier[SludgeToHTL],unitless,0.75,1.25,Sewage Sludge HTL,"Multiplier applied to conversion process yield (i.e., gallons fuel per ton feedstock)",,,3311,1.0,True,0.0591144416296553
30,CHC.initial indices of Commercial Maturity[Thermochem]:CHC.FCI  sensi multiplier[Thermochem],interaction,interaction,CHC.initial indices of Commercial Maturity[Thermochem],unitless,0.1,0.7,Cellulosic Thermochem,Sets initial value for commercial maturity for conversion pathway on 0-1 scale,CHC.FCI  sensi multiplier[Thermochem],unitless,3645,1.0,True,0.011375629064978
31,CHC.Mature Industry Rate of Return as PCT[Brownfield]:CHC.PY sensi multiplier[Brownfield],interaction,interaction,CHC.Mature Industry Rate of Return as PCT[Brownfield],%/yr,5.0,15.0,Cellulosic Thermochem (Brownfield),Sets required rate of return on investment for conversion facility. Used in calculation of net present value of prospective investment,CHC.PY sensi multiplier[Brownfield],unitless,3380,1.0,True,0.0317252242216419
32,WW.FCI  sensi multiplier[SludgeToHTL],numeric,identity,WW.FCI  sensi multiplier[SludgeToHTL],unitless,0.75,1.25,Sewage Sludge HTL,Multiplier that is applied to fixed capital investment cost for conversion facility,,,2383,1.0,True,0.0612724858775018
33,WW.PY sensi multiplier[ManureToHTL]:WW.ORNOOC sensi multiplier[ManureToHTL],interaction,interaction,WW.PY sensi multiplier[ManureToHTL],unitless,0.75,1.25,Manure HTL,"Multiplier applied to conversion process yield (i.e., gallons fuel per ton feedstock)",WW.ORNOOC sensi multiplier[ManureToHTL],unitless,937,1.0,True,0.0124720048060569
34,OHC.PY sensi multiplier[HEFA]:OHC.Mature Industry Rate of Return as PCT[HEFA],interaction,interaction,OHC.PY sensi multiplier[HEFA],unitless,0.75,1.25,Oilcrop HEFA,"Multiplier applied to conversion process yield (i.e., gallons fuel per ton feedstock)",OHC.Mature Industry Rate of Return as PCT[HEFA],%/yr,2564,1.0,True,0.0272779056982981
35,OHC.Retirement Frac[TransEster]:OHC.PY sensi multiplier[HEFA],interaction,interaction,OHC.Retirement Frac[TransEster],unitless,0.0,0.15,Oilcrop Transesterification,"Multiplier applied to conversion process yield (i.e., gallons fuel per ton feedstock)",OHC.PY sensi multiplier[HEFA],unitless,2128,1.0,True,0.0137093590444347
36,inverse_WW.progress ratios commercial[SludgeToHTL],transformation,inverse,WW.progress ratios commercial[SludgeToHTL],1/doubling,0.65,0.85,Sewage Sludge HTL,Sets rate at which each doubling of cumulative production impacts commercial maturity of conversion pathway,,,3628,1.0,True,0.3527729491120234
37,OHC.Mature Industry Rate of Return as PCT[HEFA],numeric,identity,OHC.Mature Industry Rate of Return as PCT[HEFA],%/yr,5.0,15.0,Oilcrop HEFA,Sets required rate of return on investment for conversion facility. Used in calculation of net present value of prospective investment,,,2121,1.0,True,0.0281315196530229
38,WW.PY sensi multiplier[SludgeToHTL]:WW.ORNOOC sensi multiplier[SludgeToHTL],interaction,interaction,WW.PY sensi multiplier[SludgeToHTL],unitless,0.75,1.25,Sewage Sludge HTL,"Multiplier applied to conversion process yield (i.e., gallons fuel per ton feedstock)",WW.ORNOOC sensi multiplier[SludgeToHTL],unitless,3360,1.0,True,0.0341268349084945
39,sqrt_OHC.PY sensi multiplier[HEFABrownfield],transformation,sqrt,OHC.PY sensi multiplier[HEFABrownfield],unitless,0.75,1.25,Oilcrop HEFA (Brownfield),"Multiplier applied to conversion process yield (i.e., gallons fuel per ton feedstock)",,,2962,1.0,True,1.2043859727823754
40,WW.progress ratios commercial[SludgeToHTL],numeric,identity,WW.progress ratios commercial[SludgeToHTL],1/doubling,0.65,0.85,Sewage Sludge HTL,Sets rate at which each doubling of cumulative production impacts commercial maturity of conversion pathway,,,3026,1.0,True,0.3980470649057697
41,WW.ORNOOC sensi multiplier[SludgeToHTL],numeric,identity,WW.ORNOOC sensi multiplier[SludgeToHTL],unitless,0.75,1.25,Sewage Sludge HTL,"Multiplier applied to fixed operating cost, other (non-feedstock) operating costs, power sale credit, and other coproduct sale credit",,,3272,1.0,True,0.0569669665204919
42,CHC.Mature Industry Rate of Return as PCT[Biochem]:CHC.FCI  sensi multiplier[Biochem],interaction,interaction,CHC.Mature Industry Rate of Return as PCT[Biochem],%/yr,5.0,15.0,Cellulosic Biochem,Sets required rate of return on investment for conversion facility. Used in calculation of net present value of prospective investment,CHC.FCI  sensi multiplier[Biochem],unitless,870,1.0,True,0.0141815999146709
43,WW.PY sensi multiplier[ManureToHTL]:WW.initial indices of Commercial Maturity[ManureToHTL],interaction,interaction,WW.PY sensi multiplier[ManureToHTL],unitless,0.75,1.25,Manure HTL,"Multiplier applied to conversion process yield (i.e., gallons fuel per ton feedstock)",WW.initial indices of Commercial Maturity[ManureToHTL],Unitless,1026,1.0,True,0.0031650820751688
44,CHC.Mature Industry Rate of Return as PCT[Biochem]:CHC.PY sensi multiplier[Biochem],interaction,interaction,CHC.Mature Industry Rate of Return as PCT[Biochem],%/yr,5.0,15.0,Cellulosic Biochem,Sets required rate of return on investment for conversion facility. Used in calculation of net present value of prospective investment,CHC.PY sensi multiplier[Biochem],unitless,442,1.0,True,0.0143448686271838
45,CHC.Mature Industry Rate of Return as PCT[Biochem],numeric,identity,CHC.Mature Industry Rate of Return as PCT[Biochem],%/yr,5.0,15.0,Cellulosic Biochem,Sets required rate of return on investment for conversion facility. Used in calculation of net present value of prospective investment,,,733,1.0,True,0.0162007540371696
46,OHC.PY sensi multiplier[HEFA]:OHC.FCI  sensi multiplier[HEFA],interaction,interaction,OHC.PY sensi multiplier[HEFA],unitless,0.75,1.25,Oilcrop HEFA,"Multiplier applied to conversion process yield (i.e., gallons fuel per ton feedstock)",OHC.FCI  sensi multiplier[HEFA],unitless,2775,1.0,True,0.0375648519878696
47,OHC.Retirement Frac[TransEster]:OHC.PY sensi multiplier[HEFABrownfield],interaction,interaction,OHC.Retirement Frac[TransEster],unitless,0.0,0.15,Oilcrop Transesterification,"Multiplier applied to conversion process yield (i.e., gallons fuel per ton feedstock)",OHC.PY sensi multiplier[HEFABrownfield],unitless,2135,1.0,True,0.0203447119967073
48,OHC.progress ratios commercial[HEFA],numeric,identity,OHC.progress ratios commercial[HEFA],1/doubling,0.65,0.85,Oilcrop HEFA,Sets rate at which each doubling of cumulative production impacts commercial maturity of conversion pathway,,,2326,1.0,True,0.2105687281160597
49,WW.Mature Industry Rate of Return as PCT[ManureToHTL]:WW.ORNOOC sensi multiplier[ManureToHTL],interaction,interaction,WW.Mature Industry Rate of Return as PCT[ManureToHTL],%/yr,5.0,15.0,Manure HTL,Sets required rate of return on investment for conversion facility. Used in calculation of net present value of prospective investment,WW.ORNOOC sensi multiplier[ManureToHTL],unitless,1378,1.0,True,0.0046590027149947
50,WW.PY sensi multiplier[ManureToHTL]:WW.FCI  sensi multiplier[ManureToHTL],interaction,interaction,WW.PY sensi multiplier[ManureToHTL],unitless,0.75,1.25,Manure HTL,"Multiplier applied to conversion process yield (i.e., gallons fuel per ton feedstock)",WW.FCI  sensi multiplier[ManureToHTL],unitless,1099,1.0,True,0.0124036121193423
51,WW.Mature Industry Rate of Return as PCT[ManureToHTL]_squared,transformation,quadratic,WW.Mature Industry Rate of Return as PCT[ManureToHTL],%/yr,5.0,15.0,Manure HTL,Sets required rate of return on investment for conversion facility. Used in calculation of net present value of prospective investment,,,971,1.0,True,0.0035832353095403
52,WW.Mature Industry Rate of Return as PCT[ManureToHTL]:WW.FCI  sensi multiplier[ManureToHTL],interaction,interaction,WW.Mature Industry Rate of Return as PCT[ManureToHTL],%/yr,5.0,15.0,Manure HTL,Sets required rate of return on investment for conversion facility. Used in calculation of net present value of prospective investment,WW.FCI  sensi multiplier[ManureToHTL],unitless,933,1.0,True,0.0111314623828245
53,OHC.Retirement Frac[TransEster],numeric,identity,OHC.Retirement Frac[TransEster],unitless,0.0,0.15,Oilcrop Transesterification,"Multiplier applied to conversion process yield (i.e., gallons fuel per ton feedstock)",,,2075,1.0,True,0.0310270843419176
54,CHC.initial indices of Commercial Maturity[Thermochem]_squared,transformation,quadratic,CHC.initial indices of Commercial Maturity[Thermochem],unitless,0.1,0.7,Cellulosic Thermochem,Sets initial value for commercial maturity for conversion pathway on 0-1 scale,,,3740,1.0,True,0.0036190828641895
55,CHC.Mature Industry Rate of Return as PCT[Biochem]:CHC.initial indices of Commercial Maturity[Biochem],interaction,interaction,CHC.Mature Industry Rate of Return as PCT[Biochem],%/yr,5.0,15.0,Cellulosic Biochem,Sets required rate of return on investment for conversion facility. Used in calculation of net present value of prospective investment,CHC.initial indices of Commercial Maturity[Biochem],unitless,483,1.0,True,0.0049852421038217
56,CHC.PY sensi multiplier[Thermochem]:WW.Mature Industry Rate of Return as PCT[SludgeToHTL],interaction,interaction,CHC.PY sensi multiplier[Thermochem],unitless,0.75,1.25,Cellulosic Thermochem,"Multiplier applied to conversion process yield (i.e., gallons fuel per ton feedstock)",WW.Mature Industry Rate of Return as PCT[SludgeToHTL],%/yr,4846,1.0,True,0.016194179100165
57,CHC.initial indices of Commercial Maturity[Thermochem],numeric,identity,CHC.initial indices of Commercial Maturity[Thermochem],unitless,0.1,0.7,Cellulosic Thermochem,Sets initial value for commercial maturity for conversion pathway on 0-1 scale,,,3081,1.0,True,0.0097239396185828
58,CHC.initial indices of Commercial Maturity[Brownfield],numeric,identity,CHC.initial indices of Commercial Maturity[Brownfield],unitless,0.0,0.7,Cellulosic Thermochem (Brownfield),Sets initial value for commercial maturity for conversion pathway on 0-1 scale,,,2748,1.0,True,0.0106258412293069
59,inverse_WW.Mature Industry Rate of Return as PCT[SludgeToHTL],transformation,inverse,WW.Mature Industry Rate of Return as PCT[SludgeToHTL],%/yr,5.0,15.0,Sewage Sludge HTL,Sets required rate of return on investment for conversion facility. Used in calculation of net present value of prospective investment,,,3166,1.0,True,0.0075341170589853
60,OHC.FCI  sensi multiplier[HEFA],numeric,identity,OHC.FCI  sensi multiplier[HEFA],unitless,0.75,1.25,Oilcrop HEFA,Multiplier that is applied to fixed capital investment cost for conversion facility,,,2738,1.0,True,0.0353236261193326
61,inverse_SE.Max Jet Investment Hit Rate,transformation,inverse,SE.Max Jet Investment Hit Rate,1/year,0.05,0.3,Starch Ethanol-to-Jet,Sets maximum potential rate of conversion of starch ethanol facilities to production of jet fuel,,,4083,1.0,True,0.0059500184542981
62,SE.Max Jet Investment Hit Rate,numeric,identity,SE.Max Jet Investment Hit Rate,1/year,0.05,0.3,Starch Ethanol-to-Jet,Sets maximum potential rate of conversion of starch ethanol facilities to production of jet fuel,,,3768,1.0,True,0.0242659606941337
63,WW.PY sensi multiplier[SludgeToHTL]:AHC.initial indices of Commercial Maturity[HTL],interaction,interaction,WW.PY sensi multiplier[SludgeToHTL],unitless,0.75,1.25,Sewage Sludge HTL,"Multiplier applied to conversion process yield (i.e., gallons fuel per ton feedstock)",AHC.initial indices of Commercial Maturity[HTL],unitless,2345,1.0,True,0.003899842044368
64,SE.Max Jet Investment Hit Rate:SE.PY sensi multiplier[Jet],interaction,interaction,SE.Max Jet Investment Hit Rate,1/year,0.05,0.3,Starch Ethanol-to-Jet,Sets maximum potential rate of conversion of starch ethanol facilities to production of jet fuel,SE.PY sensi multiplier[Jet],unitless,3125,1.0,True,0.0185261056286598
65,WW.Mature Industry Rate of Return as PCT[ManureToHTL]:WW.initial indices of Commercial Maturity[ManureToHTL],interaction,interaction,WW.Mature Industry Rate of Return as PCT[ManureToHTL],%/yr,5.0,15.0,Manure HTL,Sets required rate of return on investment for conversion facility. Used in calculation of net present value of prospective investment,WW.initial indices of Commercial Maturity[ManureToHTL],Unitless,918,1.0,True,0.0027713720192344
66,CHC.initial indices of Commercial Maturity[Biochem],numeric,identity,CHC.initial indices of Commercial Maturity[Biochem],unitless,0.0,0.2,Cellulosic Biochem,Sets initial value for commercial maturity for conversion pathway on 0-1 scale,,,956,1.0,True,0.0056861068866719
67,WW.ORNOOC sensi multiplier[ManureToHTL],numeric,identity,WW.ORNOOC sensi multiplier[ManureToHTL],unitless,0.75,1.25,Manure HTL,"Multiplier applied to fixed operating cost, other (non-feedstock) operating costs, power sale credit, and other coproduct sale credit",,,1036,1.0,True,0.0180301144410281
68,WW.initial indices of Commercial Maturity[ManureToHTL],numeric,identity,WW.initial indices of Commercial Maturity[ManureToHTL],Unitless,0.0,0.2,Manure HTL,Sets initial value for commercial maturity for conversion pathway on 0-1 scale,,,988,1.0,True,0.0021520871677516
69,"WW.PY sensi multiplier[ManureToHTL]:WW.Policy Duration[Price,ManureToHTL]",interaction,interaction,WW.PY sensi multiplier[ManureToHTL],unitless,0.75,1.25,Manure HTL,"Multiplier applied to conversion process yield (i.e., gallons fuel per ton feedstock)","WW.Policy Duration[Price,ManureToHTL]",year,1918,1.0,True,0.0049419352609082
70,CHC.initial indices of Commercial Maturity[Biochem]:CHC.FCI  sensi multiplier[Biochem],interaction,interaction,CHC.initial indices of Commercial Maturity[Biochem],unitless,0.0,0.2,Cellulosic Biochem,Sets initial value for commercial maturity for conversion pathway on 0-1 scale,CHC.FCI  sensi multiplier[Biochem],unitless,1095,1.0,True,0.003605853687557
71,inverse_CHC.Mature Industry Rate of Return as PCT[Brownfield],transformation,inverse,CHC.Mature Industry Rate of Return as PCT[Brownfield],%/yr,5.0,15.0,Cellulosic Thermochem (Brownfield),Sets required rate of return on investment for conversion facility. Used in calculation of net present value of prospective investment,,,3448,1.0,True,0.0072997433139926
72,inverse_SE.PY sensi multiplier[Jet],transformation,inverse,SE.PY sensi multiplier[Jet],unitless,0.75,1.25,Starch Ethanol-to-Jet,"Multiplier applied to conversion process yield (i.e., gallons fuel per ton feedstock)",,,1415,1.0,True,0.0191696102139987
73,AHC.Mature Industry Rate of Return as PCT[HTL],numeric,identity,AHC.Mature Industry Rate of Return as PCT[HTL],%/yr,5.0,15.0,Algal HTL,Sets required rate of return on investment for conversion facility. Used in calculation of net present value of prospective investment,,,493,1.0,True,0.0046166754787504
74,CHC.Mature Industry Rate of Return as PCT[Biochem]_squared,transformation,quadratic,CHC.Mature Industry Rate of Return as PCT[Biochem],%/yr,5.0,15.0,Cellulosic Biochem,Sets required rate of return on investment for conversion facility. Used in calculation of net present value of prospective investment,,,626,1.0,True,0.0054760721835986
75,inverse_CHC.FCI  sensi multiplier[Thermochem],transformation,inverse,CHC.FCI  sensi multiplier[Thermochem],unitless,0.75,1.25,Cellulosic Thermochem,Multiplier that is applied to fixed capital investment cost for conversion facility,,,3102,1.0,True,0.0158913108376296
76,CHC.FCI  sensi multiplier[Brownfield],numeric,identity,CHC.FCI  sensi multiplier[Brownfield],unitless,0.75,1.25,Cellulosic Thermochem (Brownfield),Multiplier that is applied to fixed capital investment cost for conversion facility,,,606,1.0,True,0.0118511873890638
77,SE.Mature Industry Rate of Return as PCT[Jet],numeric,identity,SE.Mature Industry Rate of Return as PCT[Jet],%/yr,5.0,15.0,Starch Ethanol-to-Jet,Sets required rate of return on investment for conversion facility. Used in calculation of net present value of prospective investment,,,2443,1.0,True,0.005826416892179
78,WW.Mature Industry Rate of Return as PCT[ManureToHTL],numeric,identity,WW.Mature Industry Rate of Return as PCT[ManureToHTL],%/yr,5.0,15.0,Manure HTL,Sets required rate of return on investment for conversion facility. Used in calculation of net present value of prospective investment,,,1702,1.0,True,0.0135711119166341
79,WW.FCI  sensi multiplier[ManureToHTL],numeric,identity,WW.FCI  sensi multiplier[ManureToHTL],unitless,0.75,1.25,Manure HTL,Multiplier that is applied to fixed capital investment cost for conversion facility,,,850,1.0,True,0.0078943160428169
80,CHC.PY sensi multiplier[Brownfield],numeric,identity,CHC.PY sensi multiplier[Brownfield],unitless,0.75,1.25,Cellulosic Thermochem (Brownfield),"Multiplier applied to conversion process yield (i.e., gallons fuel per ton feedstock)",,,1697,1.0,True,0.0186615331591375
81,SE.ORNOOC sensi multiplier[Jet],numeric,identity,SE.ORNOOC sensi multiplier[Jet],unitless,0.75,1.25,Starch Ethanol-to-Jet,"Multiplier applied to fixed operating cost, other (non-feedstock) operating costs, power sale credit, and other coproduct sale credit",,,3454,1.0,True,0.0071555519621108
82,AHC.initial indices of Commercial Maturity[HTL]:WW.initial indices of Commercial Maturity[SludgeToHTL],interaction,interaction,AHC.initial indices of Commercial Maturity[HTL],unitless,0.0,0.2,Algal HTL,Sets initial value for commercial maturity for conversion pathway on 0-1 scale,WW.initial indices of Commercial Maturity[SludgeToHTL],Unitless,4589,1.0,True,0.0024765544500118
83,AHC.Mature Industry Rate of Return as PCT[HEFA],numeric,identity,AHC.Mature Industry Rate of Return as PCT[HEFA],%/yr,5.0,15.0,Algal HEFA,Sets required rate of return on investment for conversion facility. Used in calculation of net present value of prospective investment,,,1131,1.0,True,0.0031211338552942
84,"WW.Policy Duration[Price,ManureToHTL]",numeric,identity,"WW.Policy Duration[Price,ManureToHTL]",year,18.0,36.0,Manure HTL,Sets duration of unit price related incentive beginning with initial simulation year (2015),,,1128,1.0,True,0.0116678662257836
85,AHC.FCI  sensi multiplier[HTL],numeric,identity,AHC.FCI  sensi multiplier[HTL],unitless,0.75,1.25,Algal HTL,Multiplier that is applied to fixed capital investment cost for conversion facility,,,522,1.0,True,0.0065614251155764
86,CHC.progress ratios commercial[Thermochem],numeric,identity,CHC.progress ratios commercial[Thermochem],1/doubling,0.65,0.85,Cellulosic Thermochem,Sets rate at which each doubling of cumulative production impacts commercial maturity of conversion pathway,,,2438,1.0,True,0.6683780919810326
87,inverse_WW.FCI  sensi multiplier[SludgeToHTL],transformation,inverse,WW.FCI  sensi multiplier[SludgeToHTL],unitless,0.75,1.25,Sewage Sludge HTL,Multiplier that is applied to fixed capital investment cost for conversion facility,,,831,1.0,True,0.0048771198523449
88,SE.FCI  sensi multiplier[Jet],numeric,identity,SE.FCI  sensi multiplier[Jet],unitless,0.75,1.25,Starch Ethanol-to-Jet,Multiplier that is applied to fixed capital investment cost for conversion facility,,,690,1.0,True,0.0068926675971444
89,SE.PY sensi multiplier[Jet],numeric,identity,SE.PY sensi multiplier[Jet],unitless,0.75,1.25,Starch Ethanol-to-Jet,"Multiplier applied to conversion process yield (i.e., gallons fuel per ton feedstock)",,,1733,1.0,True,0.0144679429150105
90,AHC.FCI  sensi multiplier[HEFA],numeric,identity,AHC.FCI  sensi multiplier[HEFA],unitless,0.75,1.25,Algal HEFA,Multiplier that is applied to fixed capital investment cost for conversion facility,,,713,1.0,True,0.0065835833675658
91,OHC.ORNOOC sensi multiplier[HEFA],numeric,identity,OHC.ORNOOC sensi multiplier[HEFA],unitless,0.75,1.25,Oilcrop HEFA,"Multiplier applied to fixed operating cost, other (non-feedstock) operating costs, power sale credit, and other coproduct sale credit",,,2740,1.0,True,0.0079987242639231
92,CHC.progress ratios commercial[Thermochem]:OHC.progress ratios commercial[HEFA],interaction,interaction,CHC.progress ratios commercial[Thermochem],1/doubling,0.65,0.85,Cellulosic Thermochem,Sets rate at which each doubling of cumulative production impacts commercial maturity of conversion pathway,OHC.progress ratios commercial[HEFA],1/doubling,1774,1.0,True,0.0507977228356985
93,WW.progress ratios commercial[ManureToHTL],numeric,identity,WW.progress ratios commercial[ManureToHTL],1/doubling,0.65,0.85,Manure HTL,Sets rate at which each doubling of cumulative production impacts commercial maturity of conversion pathway,,,199,1.0,True,0.0535728137019533
94,OHC.ORNOOC sensi multiplier[HEFABrownfield],numeric,identity,OHC.ORNOOC sensi multiplier[HEFABrownfield],unitless,0.75,1.25,Oilcrop HEFA (Brownfield),"Multiplier applied to fixed operating cost, other (non-feedstock) operating costs, power sale credit, and other coproduct sale credit",,,1363,1.0,True,0.033202750722171
95,inverse_WW.ORNOOC sensi multiplier[ManureToHTL],transformation,inverse,WW.ORNOOC sensi multiplier[ManureToHTL],unitless,0.75,1.25,Manure HTL,"Multiplier applied to fixed operating cost, other (non-feedstock) operating costs, power sale credit, and other coproduct sale credit",,,954,1.0,True,0.0031434076876237
96,OHC.PY sensi multiplier[HEFABrownfield]:WW.PY sensi multiplier[ManureToHTL],interaction,interaction,OHC.PY sensi multiplier[HEFABrownfield],unitless,0.75,1.25,Oilcrop HEFA (Brownfield),"Multiplier applied to conversion process yield (i.e., gallons fuel per ton feedstock)",WW.PY sensi multiplier[ManureToHTL],unitless,791,1.0,True,0.0029758533595333
97,CHC.progress ratios commercial[Brownfield],numeric,identity,CHC.progress ratios commercial[Brownfield],1/doubling,0.65,0.85,Cellulosic Thermochem (Brownfield),Sets rate at which each doubling of cumulative production impacts commercial maturity of conversion pathway,,,640,1.0,True,0.0500027579582208
98,CHC.Debt Interest Rate as pct[Thermochem],numeric,identity,CHC.Debt Interest Rate as pct[Thermochem],%/yr,5.0,12.0,Cellulosic Thermochem,Interest rate of loan for FCI of conversion facility,,,2920,1.0,True,0.0026674623719473
99,SE.Max Jet Investment Hit Rate:OHC.progress ratios commercial[HEFA],interaction,interaction,SE.Max Jet Investment Hit Rate,1/year,0.05,0.3,Starch Ethanol-to-Jet,Sets maximum potential rate of conversion of starch ethanol facilities to production of jet fuel,OHC.progress ratios commercial[HEFA],1/doubling,837,1.0,True,0.0028612972374215
100,SE.progress ratios commercial[Jet]_squared,transformation,quadratic,SE.progress ratios commercial[Jet],1/doubling,0.65,0.85,Starch Ethanol-to-Jet,Sets rate at which each doubling of cumulative production impacts commercial maturity of conversion pathway,,,2209,1.0,True,0.0780732966316825
101,CHC.ORNOOC sensi multiplier[Thermochem],numeric,identity,CHC.ORNOOC sensi multiplier[Thermochem],unitless,0.75,1.25,Cellulosic Thermochem,"Multiplier applied to fixed operating cost, other (non-feedstock) operating costs, power sale credit, and other coproduct sale credit",,,2475,1.0,True,0.008295388772438
102,WW.PY sensi multiplier[SludgeToHTL]:CHC.FCI  sensi multiplier[Brownfield],interaction,interaction,WW.PY sensi multiplier[SludgeToHTL],unitless,0.75,1.25,Sewage Sludge HTL,"Multiplier applied to conversion process yield (i.e., gallons fuel per ton feedstock)",CHC.FCI  sensi multiplier[Brownfield],unitless,454,1.0,True,0.0029355924942126
103,inverse_WW.ORNOOC sensi multiplier[SludgeToHTL],transformation,inverse,WW.ORNOOC sensi multiplier[SludgeToHTL],unitless,0.75,1.25,Sewage Sludge HTL,"Multiplier applied to fixed operating cost, other (non-feedstock) operating costs, power sale credit, and other coproduct sale credit",,,681,1.0,True,0.004835732934784
104,"OHC.Policy Duration[Price,HEFA]",numeric,identity,"OHC.Policy Duration[Price,HEFA]",year,18.0,36.0,Oilcrop HEFA,Sets duration of unit price related incentive beginning with initial simulation year (2015),,,770,1.0,True,0.0022944477274961
105,CHC.FCI  sensi multiplier[Biochem],numeric,identity,CHC.FCI  sensi multiplier[Biochem],unitless,0.75,1.25,Cellulosic Biochem,Multiplier that is applied to fixed capital investment cost for conversion facility,,,881,1.0,True,0.0069241962721395
106,log1p_OHC.Mature Industry Rate of Return as PCT[HEFA],transformation,log1p,OHC.Mature Industry Rate of Return as PCT[HEFA],%/yr,5.0,15.0,Oilcrop HEFA,Sets required rate of return on investment for conversion facility. Used in calculation of net present value of prospective investment,,,686,1.0,True,0.0073129142447099
107,OHC.PY sensi multiplier[HEFABrownfield]:OHC.ORNOOC sensi multiplier[HEFABrownfield],interaction,interaction,OHC.PY sensi multiplier[HEFABrownfield],unitless,0.75,1.25,Oilcrop HEFA (Brownfield),"Multiplier applied to conversion process yield (i.e., gallons fuel per ton feedstock)",OHC.ORNOOC sensi multiplier[HEFABrownfield],unitless,1428,1.0,True,0.0155661851854424
108,inverse_AHC.FCI  sensi multiplier[HTL],transformation,inverse,AHC.FCI  sensi multiplier[HTL],unitless,0.75,1.25,Algal HTL,Multiplier that is applied to fixed capital investment cost for conversion facility,,,382,1.0,True,0.0030872461652187
109,OHC.ORNOOC sensi multiplier[HEFABrownfield]:SE.progress ratios commercial[Jet],interaction,interaction,OHC.ORNOOC sensi multiplier[HEFABrownfield],unitless,0.75,1.25,Oilcrop HEFA (Brownfield),"Multiplier applied to fixed operating cost, other (non-feedstock) operating costs, power sale credit, and other coproduct sale credit",SE.progress ratios commercial[Jet],1/doubling,442,1.0,True,0.0094892529199548
110,"SE.Policy Duration[Price,Jet]",numeric,identity,"SE.Policy Duration[Price,Jet]",year,18.0,36.0,Starch Ethanol-to-Jet,Sets duration of unit price related incentive beginning with initial simulation year (2015),,,1496,1.0,True,0.0179380531801765
111,CHC.PY sensi multiplier[Biochem],numeric,identity,CHC.PY sensi multiplier[Biochem],unitless,0.75,1.25,Cellulosic Biochem,"Multiplier applied to conversion process yield (i.e., gallons fuel per ton feedstock)",,,607,1.0,True,0.0052701101093352
112,OHC.PY sensi multiplier[HEFABrownfield]:CHC.progress ratios commercial[Brownfield],interaction,interaction,OHC.PY sensi multiplier[HEFABrownfield],unitless,0.75,1.25,Oilcrop HEFA (Brownfield),"Multiplier applied to conversion process yield (i.e., gallons fuel per ton feedstock)",CHC.progress ratios commercial[Brownfield],1/doubling,504,1.0,True,0.008253262332238
113,inverse_OHC.progress ratios commercial[HEFABrownfield],transformation,inverse,OHC.progress ratios commercial[HEFABrownfield],1/doubling,0.65,0.85,Oilcrop HEFA (Brownfield),Sets rate at which each doubling of cumulative production impacts commercial maturity of conversion pathway,,,522,1.0,True,0.0284852390187887
114,"CHC.Policy Duration[Price,Thermochem]",numeric,identity,"CHC.Policy Duration[Price,Thermochem]",year,18.0,36.0,Cellulosic Thermochem,Sets duration of unit price related incentive beginning with initial simulation year (2015),,,1399,1.0,True,0.0213996572436893
115,OHC.progress ratios commercial[HEFABrownfield],numeric,identity,OHC.progress ratios commercial[HEFABrownfield],1/doubling,0.65,0.85,Oilcrop HEFA (Brownfield),Sets rate at which each doubling of cumulative production impacts commercial maturity of conversion pathway,,,456,1.0,True,0.0291469553001144
116,CHC.Mature Industry Rate of Return as PCT[Brownfield]:SE.progress ratios commercial[Jet],interaction,interaction,CHC.Mature Industry Rate of Return as PCT[Brownfield],%/yr,5.0,15.0,Cellulosic Thermochem (Brownfield),Sets required rate of return on investment for conversion facility. Used in calculation of net present value of prospective investment,SE.progress ratios commercial[Jet],1/doubling,508,1.0,True,0.0035477390911778
117,"OHC.Policy Duration[Price,HEFABrownfield]",numeric,identity,"OHC.Policy Duration[Price,HEFABrownfield]",year,18.0,36.0,Oilcrop HEFA (Brownfield),Sets duration of unit price related incentive beginning with initial simulation year (2015),,,402,1.0,True,0.0030808378929009
118,"OHC.progress ratios commercial[HEFA]:CHC.Policy Duration[Price,Thermochem]",interaction,interaction,OHC.progress ratios commercial[HEFA],1/doubling,0.65,0.85,Oilcrop HEFA,Sets rate at which each doubling of cumulative production impacts commercial maturity of conversion pathway,"CHC.Policy Duration[Price,Thermochem]",year,357,1.0,True,0.0049591411113979
119,"CHC.FCI  sensi multiplier[Thermochem]:CHC.Policy Duration[Price,Thermochem]",interaction,interaction,CHC.FCI  sensi multiplier[Thermochem],unitless,0.75,1.25,Cellulosic Thermochem,Multiplier that is applied to fixed capital investment cost for conversion facility,"CHC.Policy Duration[Price,Thermochem]",year,530,1.0,True,0.0020340502180774
120,inverse_OHC.progress ratios commercial[HEFA],transformation,inverse,OHC.progress ratios commercial[HEFA],1/doubling,0.65,0.85,Oilcrop HEFA,Sets rate at which each doubling of cumulative production impacts commercial maturity of conversion pathway,,,1743,1.0,True,0.0711733941656764
121,CHC.PY sensi multiplier[Brownfield]:CHC.ORNOOC sensi multiplier[Thermochem],interaction,interaction,CHC.PY sensi multiplier[Brownfield],unitless,0.75,1.25,Cellulosic Thermochem (Brownfield),"Multiplier applied to conversion process yield (i.e., gallons fuel per ton feedstock)",CHC.ORNOOC sensi multiplier[Thermochem],unitless,1168,1.0,True,0.0050663844023731
122,inverse_OHC.ORNOOC sensi multiplier[HEFABrownfield],transformation,inverse,OHC.ORNOOC sensi multiplier[HEFABrownfield],unitless,0.75,1.25,Oilcrop HEFA (Brownfield),"Multiplier applied to fixed operating cost, other (non-feedstock) operating costs, power sale credit, and other coproduct sale credit",,,203,1.0,True,0.0020200122373176
123,sqrt_CHC.progress ratios commercial[Thermochem],transformation,sqrt,CHC.progress ratios commercial[Thermochem],1/doubling,0.65,0.85,Cellulosic Thermochem,Sets rate at which each doubling of cumulative production impacts commercial maturity of conversion pathway,,,2355,1.0,True,1.3093503400030138
124,"WW.progress ratios commercial[SludgeToHTL]:CHC.Policy Duration[Price,Thermochem]",interaction,interaction,WW.progress ratios commercial[SludgeToHTL],1/doubling,0.65,0.85,Sewage Sludge HTL,Sets rate at which each doubling of cumulative production impacts commercial maturity of conversion pathway,"CHC.Policy Duration[Price,Thermochem]",year,328,0.98,True,0.0063524462363027
125,SE.progress ratios commercial[Jet],numeric,identity,SE.progress ratios commercial[Jet],1/doubling,0.65,0.85,Starch Ethanol-to-Jet,Sets rate at which each doubling of cumulative production impacts commercial maturity of conversion pathway,,,2753,1.0,True,0.200394087850327
126,inverse_CHC.progress ratios commercial[Brownfield],transformation,inverse,CHC.progress ratios commercial[Brownfield],1/doubling,0.65,0.85,Cellulosic Thermochem (Brownfield),Sets rate at which each doubling of cumulative production impacts commercial maturity of conversion pathway,,,673,0.98,True,0.0403685441442538
127,CHC.FCI  sensi multiplier[Biochem]:OHC.ORNOOC sensi multiplier[HEFABrownfield],interaction,interaction,CHC.FCI  sensi multiplier[Biochem],unitless,0.75,1.25,Cellulosic Biochem,Multiplier that is applied to fixed capital investment cost for conversion facility,OHC.ORNOOC sensi multiplier[HEFABrownfield],unitless,503,1.0,True,0.0035998779734154
128,"SE.Policy Duration[Price,Jet]_squared",transformation,quadratic,"SE.Policy Duration[Price,Jet]",year,18.0,36.0,Starch Ethanol-to-Jet,Sets duration of unit price related incentive beginning with initial simulation year (2015),,,1341,1.0,True,0.0052166122779715
129,CHC.Debt Interest Rate as pct[Biochem],numeric,identity,CHC.Debt Interest Rate as pct[Biochem],%/yr,5.0,12.0,Cellulosic Biochem,Interest rate of loan for FCI of conversion facility,,,493,1.0,True,0.0025232385936822
130,inverse_AHC.FCI  sensi multiplier[HEFA],transformation,inverse,AHC.FCI  sensi multiplier[HEFA],unitless,0.75,1.25,Algal HEFA,Multiplier that is applied to fixed capital investment cost for conversion facility,,,543,1.0,True,0.0025964521987084
131,WW.progress ratios commercial[ManureToHTL]_squared,transformation,quadratic,WW.progress ratios commercial[ManureToHTL],1/doubling,0.65,0.85,Manure HTL,Sets rate at which each doubling of cumulative production impacts commercial maturity of conversion pathway,,,285,1.0,True,0.0188353894061227
