feature_name,baseline_macro_nrmse,noref_drop_macro_nrmse,delta_nrmse_when_feature_removed,delta_nrmse_nonnegative,delta_nrmse_abs,feature_type,origin,remove_rank,retained_features,removed_fraction,cumulative_delta_upper_bound,approx_macro_nrmse_upper_bound,utility_score,selected_by_auto_cutoff,selected_by_effective_cutoff
CHC.initial indices of Commercial Maturity[Biochem]_inv,0.06994038056494567,0.06994272808235821,2.347517412543132e-06,2.347517412543132e-06,2.347517412543132e-06,transformation,dynamic_discovery,1,156,0.006369426751592357,2.347517412543132e-06,0.06994272808235821,0.006368918713440883,True,True
CHC.initial indices of Commercial Maturity[Brownfield]_inv,0.06994038056494567,0.0699497923159809,9.411751035234839e-06,9.411751035234839e-06,9.411751035234839e-06,transformation,dynamic_discovery,2,155,0.012738853503184714,1.175926844777797e-05,0.06995213983339345,0.012736308620248821,True,True
SE.Alt Price Sensi multiplier[EtOH],0.06994038056494567,0.06995350333036017,1.312276541449997e-05,1.312276541449997e-05,1.312276541449997e-05,numeric,model_factors,3,154,0.01910828025477707,2.488203386227794e-05,0.06996526259880795,0.019102895407610117,True,True
CHC.Debt Interest Rate as pct[Biochem],0.06994038056494567,0.07000292780079821,6.254723585254196e-05,6.254723585254196e-05,6.254723585254196e-05,numeric,model_factors,4,153,0.025477707006369428,8.74292697148199e-05,0.07002780983466049,0.025458785994608962,True,True
CHC.Debt Interest Rate as pct[Brownfield],0.06994038056494567,0.07006296071354981,0.00012258014860414002,0.00012258014860414002,0.00012258014860414002,numeric,model_factors,5,152,0.03184713375796178,0.00021000941831895992,0.07015038998326463,0.03180168455443094,True,True
"CHC.Policy Duration[Price,Brownfield]",0.06994038056494567,0.07007514575507201,0.00013476519012634025,0.00013476519012634025,0.00013476519012634025,numeric,model_factors,6,151,0.03821656050955414,0.00034477460844530017,0.07028515517339097,0.038141946087606175,True,True
WW.initial indices of Commercial Maturity[SludgeToHTL]:OHC.ORNOOC sensi multiplier[HEFABrownfield],0.06994038056494567,0.07010525814266412,0.00016487757771845024,0.00016487757771845024,0.00016487757771845024,interaction,dynamic_discovery,7,150,0.044585987261146494,0.0005096521861637504,0.07045003275110942,0.044475690846231826,True,True
"SE.initial indices of Commercial Maturity[Jet]:CHC.Policy Duration[Price,Thermochem]",0.06994038056494567,0.07018103712438409,0.00024065655943841802,0.00024065655943841802,0.00024065655943841802,interaction,dynamic_discovery,8,149,0.050955414012738856,0.0007503087456021684,0.07069068931054784,0.05079303589102027,True,True
OHC.Retirement Frac[TransEster]:CHC.PY sensi multiplier[Biochem],0.06994038056494567,0.07031022362437708,0.0003698430594314128,0.0003698430594314128,0.0003698430594314128,interaction,dynamic_discovery,9,148,0.05732484076433121,0.0011201518050335812,0.07106053236997925,0.057082423030022304,True,True
SE.Debt Interest Rate as pct[Jet],0.06994038056494567,0.07031180341383277,0.00037142284888709576,0.00037142284888709576,0.00037142284888709576,numeric,model_factors,10,147,0.06369426751592357,0.001491574653920677,0.07143195521886635,0.06337146827877446,True,True
"WW.Mature Industry Rate of Return as PCT[ManureToHTL]:OHC.Policy Duration[Price,HEFABrownfield]",0.06994038056494567,0.07033431580466919,0.00039393523972351685,0.00039393523972351685,0.00039393523972351685,interaction,dynamic_discovery,11,146,0.07006369426751592,0.0018855098936441939,0.07182589045858986,0.06965564150682735,True,True
CHC.FCI  sensi multiplier[Thermochem]:SE.initial indices of Commercial Maturity[Jet],0.06994038056494567,0.07035109239018295,0.00041071182523727545,0.00041071182523727545,0.00041071182523727545,interaction,dynamic_discovery,12,145,0.07643312101910828,0.0022962217188814693,0.07223660228382714,0.0759361840289068,True,True
"CHC.Policy Duration[Price,Thermochem]:OHC.Policy Duration[FCI,HEFABrownfield]",0.06994038056494567,0.07037713298726592,0.0004367524223202468,0.0004367524223202468,0.0004367524223202468,interaction,dynamic_discovery,13,144,0.08280254777070063,0.002732974141201716,0.07267335470614739,0.08221109097327568,True,True
AHC.Debt Interest Rate as pct[HTL],0.06994038056494567,0.07039052557643809,0.00045014501149241715,0.00045014501149241715,0.00045014501149241715,numeric,model_factors,14,143,0.08917197452229299,0.0031831191526941333,0.0731234997176398,0.08848309955948537,True,True
OHC.Mature Industry Rate of Return as PCT[HEFABrownfield],0.06994038056494567,0.07041842484330586,0.0004780442783601929,0.0004780442783601929,0.0004780442783601929,numeric,model_factors,15,142,0.09554140127388536,0.003661163431054326,0.073601543996,0.09474907032382793,True,True
"OHC.Policy Duration[FCI,HEFABrownfield]",0.06994038056494567,0.07043149943473516,0.0004911188697894892,0.0004911188697894892,0.0004911188697894892,numeric,model_factors,16,141,0.10191082802547771,0.004152282300843815,0.07409266286578949,0.10101221154951591,True,True
OHC.Retirement Frac[TransEster]:OHC.ORNOOC sensi multiplier[HEFABrownfield],0.06994038056494567,0.07048056916288865,0.0005401885979429838,0.0005401885979429838,0.0005401885979429838,interaction,dynamic_discovery,17,140,0.10828025477707007,0.004692470898786799,0.07463285146373247,0.10726473334641874,True,True
"WW.Policy Duration[Price,ManureToHTL]:OHC.Policy Duration[Price,HEFABrownfield]",0.06994038056494567,0.07051422605061139,0.0005738454856657194,0.0005738454856657194,0.0005738454856657194,interaction,dynamic_discovery,18,139,0.11464968152866242,0.0052663163844525185,0.07520669694939819,0.11350997128551858,True,True
WW.Debt Interest Rate as pct[SludgeToHTL],0.06994038056494567,0.0705371046083859,0.0005967240434402304,0.0005967240434402304,0.0005967240434402304,numeric,model_factors,19,138,0.12101910828025478,0.005863040427892749,0.07580342099283842,0.11975025795987462,True,True
"OHC.Policy Duration[Price,HEFA]:WW.Policy Duration[Price,ManureToHTL]",0.06994038056494567,0.07057807209971344,0.0006376915347677675,0.0006376915347677675,0.0006376915347677675,interaction,dynamic_discovery,20,137,0.12738853503184713,0.0065007319626605164,0.07644111252760619,0.12598167865161713,True,True
"SE.Policy Duration[Price,Jet]:OHC.Policy Duration[Price,HEFABrownfield]",0.06994038056494567,0.07069266397809924,0.0007522834131535733,0.0007522834131535733,0.0007522834131535733,interaction,dynamic_discovery,21,136,0.1337579617834395,0.00725301537581409,0.07719339594075976,0.13218829993366923,True,True
"OHC.Policy Duration[Price,TransEster]",0.06994038056494567,0.07069890296119782,0.0007585223962521537,0.0007585223962521537,0.0007585223962521537,numeric,model_factors,22,135,0.14012738853503184,0.008011537772066243,0.07795191833701191,0.13839357100574054,True,True
WW.progress ratios commercial[ManureToHTL],0.06994038056494567,0.07075845225620506,0.0008180716912593866,0.0008180716912593866,0.0008180716912593866,numeric,model_factors,23,134,0.1464968152866242,0.00882960946332563,0.0787699900282713,0.1445859547128043,True,True
AHC.Debt Interest Rate as pct[HEFA],0.06994038056494567,0.07080415391261274,0.0008637733476670739,0.0008637733476670739,0.0008637733476670739,numeric,model_factors,24,133,0.15286624203821655,0.009693382810992704,0.07963376337593837,0.1507684478925746,True,True
OHC.Debt Interest Rate as pct[HEFA],0.06994038056494567,0.07080490308373028,0.0008645225187846051,0.0008645225187846051,0.0008645225187846051,numeric,model_factors,25,132,0.1592356687898089,0.010557905329777309,0.08049828589472298,0.156950778940423,True,True
CHC.Mature Industry Rate of Return as PCT[Brownfield]:AHC.Mature Industry Rate of Return as PCT[HTL],0.06994038056494567,0.07083578659590814,0.0008954060309624701,0.0008954060309624701,0.0008954060309624701,interaction,dynamic_discovery,26,131,0.16560509554140126,0.011453311360739779,0.08139369192568545,0.16312642633073857,True,True
WW.initial indices of Commercial Maturity[SludgeToHTL],0.06994038056494567,0.07101399634293526,0.0010736157779895894,0.0010736157779895894,0.0010736157779895894,numeric,model_factors,27,130,0.17197452229299362,0.012526927138729368,0.08246730770367504,0.1692635064456974,True,True
"WW.Policy Duration[Price,SludgeToHTL]",0.06994038056494567,0.07106162545000641,0.0011212448850607404,0.0011212448850607404,0.0011212448850607404,numeric,model_factors,28,129,0.17834394904458598,0.013648172023790109,0.08358855258873578,0.1753902789039873,True,True
WW.initial indices of Commercial Maturity[SludgeToHTL]_log1p,0.06994038056494567,0.07118582020615,0.0012454396412043267,0.0012454396412043267,0.0012454396412043267,transformation,dynamic_discovery,29,128,0.18471337579617833,0.014893611664994436,0.0848339922299401,0.18149017374509885,True,True
SE.Max Jet Investment Hit Rate:WW.PY sensi multiplier[ManureToHTL],0.06994038056494567,0.0713379638584303,0.0013975832934846333,0.0013975832934846333,0.0013975832934846333,interaction,dynamic_discovery,30,127,0.1910828025477707,0.01629119495847907,0.08623157552342474,0.187557142406643,True,True
AHC.ORNOOC sensi multiplier[HTL],0.06994038056494567,0.07134079456183656,0.0014004139968908924,0.0014004139968908924,0.0014004139968908924,numeric,model_factors,31,126,0.19745222929936307,0.01769160895536996,0.08763198952031563,0.19362349846130372,True,True
WW.Mature Industry Rate of Return as PCT[SludgeToHTL]:AHC.initial indices of Commercial Maturity[HTL],0.06994038056494567,0.07159636475053366,0.0016559841855879887,0.0016559841855879887,0.0016559841855879887,interaction,dynamic_discovery,32,125,0.20382165605095542,0.01934759314095795,0.08928797370590362,0.19963454527500044,True,True
"SE.Policy Duration[Price,Jet]",0.06994038056494567,0.07186939230622483,0.0019290117412791574,0.0019290117412791574,0.0019290117412791574,numeric,model_factors,33,124,0.21019108280254778,0.021276604882237107,0.09121698544718278,0.2055865048103862,True,True
SE.initial indices of Commercial Maturity[Jet],0.06994038056494567,0.07192737809878878,0.001986997533843113,0.001986997533843113,0.001986997533843113,numeric,model_factors,34,123,0.21656050955414013,0.02326360241608022,0.09320398298102589,0.2115259153462593,True,True
"CHC.FCI  sensi multiplier[Thermochem]:CHC.Policy Duration[Price,Thermochem]",0.06994038056494567,0.07207981701749856,0.0021394364525528925,0.0021394364525528925,0.0021394364525528925,interaction,dynamic_discovery,35,122,0.2229299363057325,0.025403038868633113,0.09534341943357878,0.21743233580245921,True,False
WW.initial indices of Commercial Maturity[ManureToHTL],0.06994038056494567,0.07209430297902615,0.002153922414080481,0.002153922414080481,0.002153922414080481,numeric,model_factors,36,121,0.22929936305732485,0.027556961282713593,0.09749734184765926,0.22333562127824216,True,False
"OHC.Policy Duration[Price,HEFA]",0.06994038056494567,0.07220598495039093,0.0022656043854452634,0.0022656043854452634,0.0022656043854452634,numeric,model_factors,37,120,0.2356687898089172,0.029822565668158857,0.09976294623310453,0.22921473709207418,True,False
CHC.Debt Interest Rate as pct[Thermochem],0.06994038056494567,0.07226667213955536,0.0023262915746096874,0.0023262915746096874,0.0023262915746096874,numeric,model_factors,38,119,0.24203821656050956,0.032148857242768544,0.10208923780771421,0.2350807192834519,True,False
AHC.initial indices of Commercial Maturity[HTL]:WW.initial indices of Commercial Maturity[SludgeToHTL],0.06994038056494567,0.07237955554768112,0.002439174982735451,0.002439174982735451,0.002439174982735451,interaction,dynamic_discovery,39,118,0.2484076433121019,0.034588032225503995,0.10452841279044967,0.2409222718038547,True,False
WW.Mature Industry Rate of Return as PCT[ManureToHTL]:WW.initial indices of Commercial Maturity[ManureToHTL],0.06994038056494567,0.07271470320117707,0.0027743226362313966,0.0027743226362313966,0.0027743226362313966,interaction,dynamic_discovery,40,117,0.25477707006369427,0.03736235486173539,0.10730273542668106,0.2466912933204647,True,False
WW.PY sensi multiplier[SludgeToHTL]:CHC.FCI  sensi multiplier[Brownfield],0.06994038056494567,0.07288563295777692,0.002945252392831249,0.002945252392831249,0.002945252392831249,interaction,dynamic_discovery,41,116,0.2611464968152866,0.04030760725456664,0.11024798781951231,0.2524233230613754,True,False
OHC.PY sensi multiplier[HEFABrownfield]:WW.PY sensi multiplier[ManureToHTL],0.06994038056494567,0.07295608894963748,0.003015708384691812,0.003015708384691812,0.003015708384691812,interaction,dynamic_discovery,42,115,0.267515923566879,0.04332331563925845,0.11326369620420412,0.2581401050636863,True,False
"OHC.Policy Duration[Price,HEFABrownfield]",0.06994038056494567,0.07300092118790406,0.0030605406229583937,0.0030605406229583937,0.0030605406229583937,numeric,model_factors,43,114,0.27388535031847133,0.04638385626221685,0.11632423682716252,0.26384718469389384,True,False
AHC.initial indices of Commercial Maturity[HTL]_sqrt,0.06994038056494567,0.07303373069389031,0.0030933501289446413,0.0030933501289446413,0.0030933501289446413,transformation,dynamic_discovery,44,113,0.2802547770700637,0.04947720639116149,0.11941758695610716,0.26954716385247857,True,False
AHC.Mature Industry Rate of Return as PCT[HEFA],0.06994038056494567,0.07305711061021328,0.0031167300452676072,0.0031167300452676072,0.0031167300452676072,numeric,model_factors,45,112,0.28662420382165604,0.052593936436429095,0.12253431700137477,0.27524208324477273,True,False
WW.PY sensi multiplier[ManureToHTL]:WW.initial indices of Commercial Maturity[ManureToHTL],0.06994038056494567,0.07310540023767573,0.0031650196727300572,0.0031650196727300572,0.0031650196727300572,interaction,dynamic_discovery,46,111,0.2929936305732484,0.05575895610915915,0.12569933667410482,0.28092655203382955,True,False
CHC.Mature Industry Rate of Return as PCT[Brownfield]:SE.progress ratios commercial[Jet],0.06994038056494567,0.07323400229514765,0.003293621730201979,0.003293621730201979,0.003293621730201979,interaction,dynamic_discovery,47,110,0.29936305732484075,0.05905257783936113,0.1289929584043068,0.28658318939927063,True,False
CHC.Mature Industry Rate of Return as PCT[Biochem]_inv,0.06994038056494567,0.07356309765695887,0.0036227170920132,0.0036227170920132,0.0036227170920132,transformation,dynamic_discovery,48,109,0.3057324840764331,0.06267529493137433,0.13261567549632,0.29216860556806373,True,False
CHC.initial indices of Commercial Maturity[Biochem]:CHC.FCI  sensi multiplier[Biochem],0.06994038056494567,0.07356657111841852,0.0036261905534728522,0.0036261905534728522,0.0036261905534728522,interaction,dynamic_discovery,49,108,0.31210191082802546,0.06630148548484718,0.13624186604979285,0.2977532700274426,True,False
WW.Mature Industry Rate of Return as PCT[ManureToHTL]_sq,0.06994038056494567,0.07357044604872415,0.0036300654837784774,0.0036300654837784774,0.0036300654837784774,transformation,dynamic_discovery,50,107,0.3184713375796178,0.06993155096862566,0.13987193153357133,0.3033370958934977,True,False
CHC.FCI  sensi multiplier[Biochem]:OHC.ORNOOC sensi multiplier[HEFABrownfield],0.06994038056494567,0.073753979769516,0.0038135992045703337,0.0038135992045703337,0.0038135992045703337,interaction,dynamic_discovery,51,106,0.3248407643312102,0.073745150173196,0.14368553073814166,0.3088812022960268,True,False
WW.PY sensi multiplier[SludgeToHTL]:AHC.initial indices of Commercial Maturity[HTL],0.06994038056494567,0.07385008893985798,0.003909708374912307,0.003909708374912307,0.003909708374912307,interaction,dynamic_discovery,52,105,0.33121019108280253,0.0776548585481083,0.14759523911305397,0.31440450922547025,True,False
AHC.FCI  sensi multiplier[HTL],0.06994038056494567,0.07388590224595415,0.003945521681008479,0.003945521681008479,0.003945521681008479,numeric,model_factors,53,104,0.3375796178343949,0.08160038022911678,0.15154076079406245,0.31992006561567166,True,False
AHC.FCI  sensi multiplier[HEFA],0.06994038056494567,0.07417698149109937,0.004236600926153702,0.004236600926153702,0.004236600926153702,numeric,model_factors,54,103,0.34394904458598724,0.08583698115527048,0.15577736172021617,0.32537262806987677,True,False
SE.FCI  sensi multiplier[Jet],0.06994038056494567,0.07454807571464625,0.00460769514970058,0.00460769514970058,0.00460769514970058,numeric,model_factors,55,102,0.3503184713375796,0.09044467630497106,0.16038505686991672,0.3307448801407185,True,False
WW.Mature Industry Rate of Return as PCT[ManureToHTL]:WW.ORNOOC sensi multiplier[ManureToHTL],0.06994038056494567,0.07460333508434946,0.004662954519403795,0.004662954519403795,0.004662954519403795,interaction,dynamic_discovery,56,101,0.35668789808917195,0.09510763082437486,0.16504801138932051,0.3361051732510492,True,False
AHC.Mature Industry Rate of Return as PCT[HTL],0.06994038056494567,0.0746312082458229,0.004690827680877224,0.004690827680877224,0.004690827680877224,numeric,model_factors,57,100,0.3630573248407643,0.09979845850525208,0.16973883907019777,0.3414594341891136,True,False
"OHC.progress ratios commercial[HEFA]:CHC.Policy Duration[Price,Thermochem]",0.06994038056494567,0.07463647024118109,0.004696089676235415,0.004696089676235415,0.004696089676235415,interaction,dynamic_discovery,58,99,0.36942675159235666,0.1044945481814875,0.17443492874643318,0.3468125563520701,True,False
OHC.progress ratios commercial[HEFABrownfield],0.06994038056494567,0.07476576373537988,0.004825383170434211,0.004825383170434211,0.004825383170434211,numeric,model_factors,59,98,0.37579617834394907,0.10931993135192171,0.17926031191686737,0.35213769745408136,True,False
SE.Mature Industry Rate of Return as PCT[Jet],0.06994038056494567,0.07481947488916507,0.004879094324219402,0.004879094324219402,0.004879094324219402,numeric,model_factors,60,97,0.3821656050955414,0.11419902567614111,0.18413940624108677,0.3574512146528419,True,False
"WW.PY sensi multiplier[ManureToHTL]:WW.Policy Duration[Price,ManureToHTL]",0.06994038056494567,0.07494627833899939,0.005005897774053719,0.005005897774053719,0.005005897774053719,interaction,dynamic_discovery,61,96,0.3885350318471338,0.11920492345019483,0.18914530401514051,0.36273728967378943,True,False
CHC.Mature Industry Rate of Return as PCT[Biochem]:CHC.initial indices of Commercial Maturity[Biochem],0.06994038056494567,0.07495343343533442,0.005013052870388751,0.005013052870388751,0.005013052870388751,interaction,dynamic_discovery,62,95,0.39490445859872614,0.12421797632058358,0.19415835688552924,0.36802181622404345,True,False
CHC.PY sensi multiplier[Brownfield]:CHC.ORNOOC sensi multiplier[Thermochem],0.06994038056494567,0.07516415816951152,0.005223777604565855,0.005223777604565855,0.005223777604565855,interaction,dynamic_discovery,63,94,0.4012738853503185,0.12944175392514945,0.19938213449009512,0.37326073876563326,True,False
CHC.initial indices of Commercial Maturity[Biochem],0.06994038056494567,0.07564056672664851,0.0057001861617028415,0.0057001861617028415,0.0057001861617028415,numeric,model_factors,64,93,0.40764331210191085,0.1351419400868523,0.20508232065179796,0.3783965593147006,True,False
"WW.progress ratios commercial[SludgeToHTL]:CHC.Policy Duration[Price,Thermochem]",0.06994038056494567,0.07590277752697923,0.005962396962033559,0.005962396962033559,0.005962396962033559,interaction,dynamic_discovery,65,92,0.4140127388535032,0.14110433704888586,0.21104471761383153,0.38347563349435465,True,False
"WW.Policy Duration[Price,ManureToHTL]",0.06994038056494567,0.07600991241951521,0.006069531854569543,0.006069531854569543,0.006069531854569543,numeric,model_factors,66,91,0.42038216560509556,0.1471738689034554,0.21711424946840108,0.38853152206845293,True,False
AHC.initial indices of Commercial Maturity[HTL],0.06994038056494567,0.0761159232616467,0.006175542696701036,0.006175542696701036,0.006175542696701036,numeric,model_factors,67,90,0.4267515923566879,0.15334941160015644,0.2232897921651021,0.39356446829844555,True,False
CHC.FCI  sensi multiplier[Biochem],0.06994038056494567,0.07680183536891866,0.006861454803972988,0.006861454803972988,0.006861454803972988,numeric,model_factors,68,89,0.43312101910828027,0.16021086640412943,0.2301512469690751,0.3984489728098847,True,False
SE.ORNOOC sensi multiplier[Jet],0.06994038056494567,0.07706477821606866,0.007124397651122993,0.007124397651122993,0.007124397651122993,numeric,model_factors,69,88,0.4394904458598726,0.16733526405525243,0.2372756446201981,0.40327657252594495,True,False
OHC.Retirement Frac[TransEster]_sq,0.06994038056494567,0.07766066651410346,0.007720285949157787,0.007720285949157787,0.007720285949157787,transformation,dynamic_discovery,70,87,0.445859872611465,0.1750555500044102,0.24499593056935587,0.4079752130326715,True,False
WW.FCI  sensi multiplier[ManureToHTL],0.06994038056494567,0.07778862520411624,0.007848244639170568,0.007848244639170568,0.007848244639170568,numeric,model_factors,71,86,0.45222929936305734,0.18290379464358075,0.2528441752085264,0.41264616135019777,True,False
OHC.ORNOOC sensi multiplier[HEFA],0.06994038056494567,0.07794565565389461,0.008005275088948938,0.008005275088948938,0.008005275088948938,numeric,model_factors,72,85,0.4585987261146497,0.1909090697325297,0.26084945029747536,0.4172831259115209,True,False
CHC.ORNOOC sensi multiplier[Thermochem],0.06994038056494567,0.07853414275100619,0.008593762186060519,0.008593762186060519,0.008593762186060519,numeric,model_factors,73,84,0.46496815286624205,0.1995028319185902,0.26944321248353587,0.4217927329949462,True,False
OHC.PY sensi multiplier[HEFABrownfield]:CHC.progress ratios commercial[Brownfield],0.06994038056494567,0.07882699294803455,0.008886612383088882,0.008886612383088882,0.008886612383088882,interaction,dynamic_discovery,74,83,0.4713375796178344,0.20838944430167908,0.2783298248666247,0.4262389628816946,True,False
OHC.ORNOOC sensi multiplier[HEFABrownfield]:SE.progress ratios commercial[Jet],0.06994038056494567,0.07889129286137898,0.008950912296433314,0.008950912296433314,0.008950912296433314,interaction,dynamic_discovery,75,82,0.47770700636942676,0.2173403565981124,0.2872807371630581,0.4306712772980227,True,False
SE.Max Jet Investment Hit Rate:OHC.progress ratios commercial[HEFA],0.06994038056494567,0.08030974074108008,0.010369360176134407,0.010369360176134407,0.010369360176134407,interaction,dynamic_discovery,76,81,0.4840764331210191,0.2277097167742468,0.29765009733919245,0.4347966182133599,True,False
CHC.initial indices of Commercial Maturity[Brownfield],0.06994038056494567,0.08060121164554238,0.010660831080596705,0.010660831080596705,0.010660831080596705,numeric,model_factors,77,80,0.49044585987261147,0.23837054785484352,0.3083109284197892,0.4388588804317212,True,False
WW.Mature Industry Rate of Return as PCT[ManureToHTL]:WW.FCI  sensi multiplier[ManureToHTL],0.06994038056494567,0.08103772426240398,0.011097343697458309,0.011097343697458309,0.011097343697458309,interaction,dynamic_discovery,78,79,0.4968152866242038,0.2494678915523018,0.3194082721172475,0.44282667474037485,True,False
CHC.initial indices of Commercial Maturity[Thermochem]:CHC.FCI  sensi multiplier[Thermochem],0.06994038056494567,0.08153718423481737,0.011596803669871703,0.011596803669871703,0.011596803669871703,interaction,dynamic_discovery,79,78,0.5031847133757962,0.2610646952221735,0.3310050757871192,0.4466863783827934,True,False
CHC.FCI  sensi multiplier[Brownfield],0.06994038056494567,0.08183217868981991,0.011891798124874245,0.011891798124874245,0.011891798124874245,numeric,model_factors,80,77,0.5095541401273885,0.27295649334704775,0.3428968739119934,0.45048224077878984,True,False
CHC.PY sensi multiplier[Biochem]_inv,0.06994038056494567,0.08218343014963486,0.012243049584689192,0.012243049584689192,0.012243049584689192,transformation,dynamic_discovery,81,76,0.5159235668789809,0.28519954293173694,0.3551399234966826,0.4542020870645783,True,False
WW.PY sensi multiplier[ManureToHTL]:WW.FCI  sensi multiplier[ManureToHTL],0.06994038056494567,0.08219189186317104,0.012251511298225368,0.012251511298225368,0.012251511298225368,interaction,dynamic_discovery,82,75,0.5222929936305732,0.2974510542299623,0.367391434794908,0.45792010210801676,True,False
WW.PY sensi multiplier[ManureToHTL]:WW.ORNOOC sensi multiplier[ManureToHTL],0.06994038056494567,0.08235269052507473,0.012412309960129056,0.012412309960129056,0.012412309960129056,interaction,dynamic_discovery,83,74,0.5286624203821656,0.30986336419009136,0.37980374475503703,0.4616033178973511,True,False
SE.Max Jet Investment Hit Rate_log1p,0.06994038056494567,0.08256449730272265,0.012624116737776983,0.012624116737776983,0.012624116737776983,transformation,dynamic_discovery,84,73,0.535031847133758,0.32248748092786833,0.392427861492814,0.46524069550750474,True,False
OHC.Retirement Frac[TransEster]:OHC.PY sensi multiplier[HEFA],0.06994038056494567,0.0837503208715953,0.013809940306649629,0.013809940306649629,0.013809940306649629,interaction,dynamic_discovery,85,72,0.5414012738853503,0.33629742123451795,0.4062378017994636,0.46862144302380465,True,False
WW.Mature Industry Rate of Return as PCT[ManureToHTL],0.06994038056494567,0.08390383784385666,0.01396345727891099,0.01396345727891099,0.01396345727891099,numeric,model_factors,86,71,0.5477707006369427,0.3502608785134289,0.4202012590783746,0.47196896715339365,True,False
CHC.Mature Industry Rate of Return as PCT[Biochem]:CHC.FCI  sensi multiplier[Biochem],0.06994038056494567,0.08412925840837275,0.01418887784342708,0.01418887784342708,0.01418887784342708,interaction,dynamic_discovery,87,70,0.554140127388535,0.364449756356856,0.4343901369218017,0.4752677068751273,True,False
SE.Max Jet Investment Hit Rate,0.06994038056494567,0.08418095070001061,0.01424057013506494,0.01424057013506494,0.01424057013506494,numeric,model_factors,88,69,0.5605095541401274,0.3786903264919209,0.4486307070568666,0.47855525960580875,True,False
CHC.Mature Industry Rate of Return as PCT[Thermochem]:CHC.initial indices of Commercial Maturity[Thermochem],0.06994038056494567,0.08420842015692,0.014268039591974327,0.014268039591974327,0.014268039591974327,interaction,dynamic_discovery,89,68,0.5668789808917197,0.3929583660838952,0.4628987466488409,0.4818368675319764,True,False
WW.ORNOOC sensi multiplier[ManureToHTL],0.06994038056494567,0.08421116154551103,0.014270780980565362,0.014270780980565362,0.014270780980565362,numeric,model_factors,90,67,0.5732484076433121,0.40722914706446056,0.47716952762940623,0.4851178821803328,True,False
CHC.Mature Industry Rate of Return as PCT[Biochem]:CHC.PY sensi multiplier[Biochem],0.06994038056494567,0.08432353734088668,0.014383156775941014,0.014383156775941014,0.014383156775941014,interaction,dynamic_discovery,91,66,0.5796178343949044,0.4216123038404016,0.4915526844053473,0.4883745770127646,True,False
CHC.progress ratios commercial[Brownfield],0.06994038056494567,0.0844770630018545,0.014536682436908824,0.014536682436908824,0.014536682436908824,numeric,model_factors,92,65,0.5859872611464968,0.4361489862773104,0.5060893668422561,0.4915980465781184,True,False
OHC.PY sensi multiplier[HEFABrownfield]:OHC.ORNOOC sensi multiplier[HEFABrownfield],0.06994038056494567,0.08535522175483584,0.015414841189890172,0.015414841189890172,0.015414841189890172,interaction,dynamic_discovery,93,64,0.5923566878980892,0.4515638274672006,0.5215042080321463,0.49463146935311336,True,False
SE.PY sensi multiplier[Jet],0.06994038056494567,0.08583827331235455,0.01589789274740888,0.01589789274740888,0.01589789274740888,numeric,model_factors,94,63,0.5987261146496815,0.46746172021460947,0.5374021007795551,0.4975603524901755,True,False
CHC.PY sensi multiplier[Brownfield]_inv,0.06994038056494567,0.08604007944575191,0.016099698880806243,0.016099698880806243,0.016099698880806243,transformation,dynamic_discovery,95,62,0.6050955414012739,0.4835614190954157,0.5535017996603614,0.5004455617382093,True,False
WW.PY sensi multiplier[ManureToHTL]:WW.Mature Industry Rate of Return as PCT[ManureToHTL],0.06994038056494567,0.08666603394355103,0.016725653378605362,0.016725653378605362,0.016725653378605362,interaction,dynamic_discovery,96,61,0.6114649681528662,0.500287072474021,0.5702274530389667,0.503195304998102,True,False
CHC.PY sensi multiplier[Thermochem]:WW.Mature Industry Rate of Return as PCT[SludgeToHTL],0.06994038056494567,0.08666904276088488,0.016728662195939215,0.016728662195939215,0.016728662195939215,interaction,dynamic_discovery,97,60,0.6178343949044586,0.5170157346699602,0.5869561152349059,0.5059443971045728,True,False
CHC.initial indices of Commercial Maturity[Brownfield]:CHC.FCI  sensi multiplier[Brownfield],0.06994038056494567,0.08694607470055925,0.017005694135613578,0.017005694135613578,0.017005694135613578,interaction,dynamic_discovery,98,59,0.6242038216560509,0.5340214288055738,0.6039618093705195,0.5086335353236817,True,False
CHC.PY sensi multiplier[Biochem],0.06994038056494567,0.08705500263800227,0.0171146220730566,0.0171146220730566,0.0171146220730566,numeric,model_factors,99,58,0.6305732484076433,0.5511360508786304,0.621076431443576,0.5112990998952911,True,False
SE.progress ratios commercial[Jet],0.06994038056494567,0.08777653284752508,0.017836152282579412,0.017836152282579412,0.017836152282579412,numeric,model_factors,100,57,0.6369426751592356,0.5689722031612098,0.6389125837261554,0.5138085144541594,True,False
SE.Max Jet Investment Hit Rate:SE.PY sensi multiplier[Jet],0.06994038056494567,0.08857722138040658,0.01863684081546091,0.01863684081546091,0.01863684081546091,interaction,dynamic_discovery,101,56,0.643312101910828,0.5876090439766707,0.6575494245416164,0.516144647945983,True,False
SE.PY sensi multiplier[Jet]_inv,0.06994038056494567,0.08891131966914828,0.01897093910420261,0.01897093910420261,0.01897093910420261,transformation,dynamic_discovery,102,55,0.6496815286624203,0.6065799830808734,0.676520363645819,0.5184084775323634,True,False
OHC.Retirement Frac[TransEster]:OHC.PY sensi multiplier[HEFABrownfield],0.06994038056494567,0.0904291010899109,0.020488720524965226,0.020488720524965226,0.020488720524965226,interaction,dynamic_discovery,103,54,0.6560509554140127,0.6270687036058386,0.6970090841707842,0.5203438363422436,True,False
"CHC.Policy Duration[Price,Thermochem]",0.06994038056494567,0.09057510846757938,0.02063472790263371,0.02063472790263371,0.02063472790263371,numeric,model_factors,104,53,0.6624203821656051,0.6477034315084722,0.7176438120734179,0.5222475969548726,True,False
CHC.Mature Industry Rate of Return as PCT[Biochem],0.06994038056494567,0.09252324438763591,0.022582863822690244,0.022582863822690244,0.022582863822690244,numeric,model_factors,105,52,0.6687898089171974,0.6702862953311625,0.7402266758961081,0.5237297515907546,True,False
CHC.initial indices of Commercial Maturity[Brownfield]:CHC.Mature Industry Rate of Return as PCT[Brownfield],0.06994038056494567,0.09441384309157583,0.024473462526630158,0.024473462526630158,0.024473462526630158,interaction,dynamic_discovery,106,51,0.6751592356687898,0.6947597578577926,0.7647001384227383,0.5248027521706982,True,False
OHC.Mature Industry Rate of Return as PCT[HEFA],0.06994038056494567,0.09578372495933657,0.0258433443943909,0.0258433443943909,0.0258433443943909,numeric,model_factors,107,50,0.6815286624203821,0.7206031022521835,0.7905434828171292,0.5255792896666551,True,False
OHC.PY sensi multiplier[HEFA]:OHC.Mature Industry Rate of Return as PCT[HEFA],0.06994038056494567,0.09745303901645921,0.027512658451513544,0.027512658451513544,0.027512658451513544,interaction,dynamic_discovery,108,49,0.6878980891719745,0.748115760703697,0.8180561412686427,0.5259945624395992,True,False
CHC.Mature Industry Rate of Return as PCT[Thermochem]:CHC.FCI  sensi multiplier[Thermochem],0.06994038056494567,0.09834520208225837,0.028404821517312703,0.028404821517312703,0.028404821517312703,interaction,dynamic_discovery,109,48,0.6942675159235668,0.7765205822210097,0.8464609627859554,0.5262167576778082,True,False
OHC.ORNOOC sensi multiplier[HEFABrownfield],0.06994038056494567,0.09893621729327762,0.028995836728331947,0.028995836728331947,0.028995836728331947,numeric,model_factors,110,47,0.7006369426751592,0.8055164189493417,0.8754567995142873,0.5263110483161642,True,False
CHC.PY sensi multiplier[Brownfield],0.06994038056494567,0.10003790729948057,0.030097526734534905,0.030097526734534905,0.030097526734534905,numeric,model_factors,111,46,0.7070063694267515,0.8356139456838766,0.9055543262488223,0.5261669166317471,False,False
CHC.Mature Industry Rate of Return as PCT[Brownfield]:CHC.PY sensi multiplier[Brownfield],0.06994038056494567,0.10179930746430066,0.03185892689935499,0.03185892689935499,0.03185892689935499,interaction,dynamic_discovery,112,45,0.7133757961783439,0.8674728725832316,0.9374132531481773,0.5256415914026263,False,False
CHC.PY sensi multiplier[Thermochem]:CHC.initial indices of Commercial Maturity[Thermochem],0.06994038056494567,0.10294507869212863,0.03300469812718296,0.03300469812718296,0.03300469812718296,interaction,dynamic_discovery,113,44,0.7197452229299363,0.9004775707104146,0.9704179512753602,0.5248683040099504,False,False
WW.PY sensi multiplier[SludgeToHTL]:WW.ORNOOC sensi multiplier[SludgeToHTL],0.06994038056494567,0.10420212026359196,0.03426173969864629,0.03426173969864629,0.03426173969864629,interaction,dynamic_discovery,114,43,0.7261146496815286,0.9347393104090609,1.0046796909740066,0.5238229738742133,False,False
WW.PY sensi multiplier[ManureToHTL]_sq,0.06994038056494567,0.10522288737868574,0.03528250681374007,0.03528250681374007,0.03528250681374007,transformation,dynamic_discovery,115,42,0.732484076433121,0.970021817222801,1.0399621977877467,0.5225567343490647,False,False
OHC.FCI  sensi multiplier[HEFA],0.06994038056494567,0.10555706466012561,0.03561668409517994,0.03561668409517994,0.03561668409517994,numeric,model_factors,116,41,0.7388535031847133,1.005638501317981,1.0755788818829266,0.5212181738232624,False,False
AHC.PY sensi multiplier[HTL]_sq,0.06994038056494567,0.10684710458155836,0.036906724016612685,0.036906724016612685,0.036906724016612685,transformation,dynamic_discovery,117,40,0.7452229299363057,1.0425452253345937,1.1124856058995394,0.5196004292140917,False,False
CHC.initial indices of Commercial Maturity[Brownfield]:CHC.PY sensi multiplier[Brownfield],0.06994038056494567,0.10704040836140334,0.03710002779645767,0.03710002779645767,0.03710002779645767,interaction,dynamic_discovery,118,39,0.7515923566878981,1.0796452531310514,1.149585633695997,0.5179408507533548,False,False
OHC.PY sensi multiplier[HEFA]:OHC.FCI  sensi multiplier[HEFA],0.06994038056494567,0.10777464453311646,0.037834263968170787,0.037834263968170787,0.037834263968170787,interaction,dynamic_discovery,119,38,0.7579617834394905,1.1174795170992222,1.187419897664168,0.5161223725181459,False,False
OHC.Retirement Frac[TransEster],0.06994038056494567,0.10948241170897166,0.03954203114402599,0.03954203114402599,0.03954203114402599,numeric,model_factors,120,37,0.7643312101910829,1.1570215482432482,1.2269619288081939,0.5139343077254386,False,False
CHC.initial indices of Commercial Maturity[Thermochem]_log1p,0.06994038056494567,0.1122430877839845,0.042302707219038824,0.042302707219038824,0.042302707219038824,transformation,dynamic_discovery,121,36,0.7707006369426752,1.199324255462287,1.2692646360272326,0.5111487910192869,False,False
CHC.initial indices of Commercial Maturity[Thermochem],0.06994038056494567,0.11824272107895371,0.048302340514008044,0.048302340514008044,0.048302340514008044,numeric,model_factors,122,35,0.7770700636942676,1.2476265959762949,1.3175669765412406,0.5070648632374979,False,False
AHC.PY sensi multiplier[HEFA]_sq,0.06994038056494567,0.12111001985484425,0.05116963928989858,0.05116963928989858,0.05116963928989858,transformation,dynamic_discovery,123,34,0.7834394904458599,1.2987962352661935,1.3687366158311391,0.502360408782704,False,False
CHC.progress ratios commercial[Thermochem]:OHC.progress ratios commercial[HEFA],0.06994038056494567,0.12132548058572803,0.051385100020782365,0.051385100020782365,0.051385100020782365,interaction,dynamic_discovery,124,33,0.7898089171974523,1.3501813352869758,1.4201217158519215,0.4976093253781742,False,False
WW.ORNOOC sensi multiplier[SludgeToHTL],0.06994038056494567,0.12830835728234036,0.05836797671739469,0.05836797671739469,0.05836797671739469,numeric,model_factors,125,32,0.7961783439490446,1.4085493120043706,1.4784896925693163,0.49134704220576964,False,False
WW.progress ratios commercial[SludgeToHTL]:WW.FCI  sensi multiplier[SludgeToHTL],0.06994038056494567,0.13112131604226998,0.06118093547732431,0.06118093547732431,0.06118093547732431,interaction,dynamic_discovery,126,31,0.802547770700637,1.469730247481695,1.5396706280466406,0.4844759923588642,False,False
WW.FCI  sensi multiplier[SludgeToHTL],0.06994038056494567,0.13830462854366327,0.0683642479787176,0.0683642479787176,0.0683642479787176,numeric,model_factors,127,30,0.8089171974522293,1.5380944954604125,1.6080348760253582,0.4760503654148228,False,False
WW.PY sensi multiplier[ManureToHTL],0.06994038056494567,0.1393877329140254,0.06944735234907973,0.06944735234907973,0.06944735234907973,numeric,model_factors,128,29,0.8152866242038217,1.6075418478094923,1.677482228374438,0.46739033835974,False,False
CHC.PY sensi multiplier[Thermochem]:CHC.Mature Industry Rate of Return as PCT[Thermochem],0.06994038056494567,0.1551122975105954,0.08517191694564974,0.08517191694564974,0.08517191694564974,interaction,dynamic_discovery,129,28,0.821656050955414,1.692713764755142,1.7626541453200877,0.4553272785144896,False,False
WW.Mature Industry Rate of Return as PCT[SludgeToHTL]:WW.progress ratios commercial[SludgeToHTL],0.06994038056494567,0.15898356733586833,0.08904318677092266,0.08904318677092266,0.08904318677092266,interaction,dynamic_discovery,130,27,0.8280254777070064,1.7817569515260647,1.8516973320910104,0.4424264175286047,False,False
CHC.PY sensi multiplier[Thermochem]:CHC.FCI  sensi multiplier[Thermochem],0.06994038056494567,0.16150935877649075,0.09156897821154508,0.09156897821154508,0.09156897821154508,interaction,dynamic_discovery,131,26,0.8343949044585988,1.87332592973761,1.9432663103025556,0.4289789372045005,False,False
WW.Mature Industry Rate of Return as PCT[SludgeToHTL],0.06994038056494567,0.16646100784021967,0.096520627275274,0.096520627275274,0.096520627275274,numeric,model_factors,132,25,0.8407643312101911,1.9698465570128838,2.0397869375778295,0.41445984538833974,False,False
CHC.PY sensi multiplier[Thermochem]_sq,0.06994038056494567,0.17560451257698262,0.10566413201203695,0.10566413201203695,0.10566413201203695,transformation,dynamic_discovery,133,24,0.8471337579617835,2.0755106890249206,2.1454510695898663,0.39796196132994144,False,False
AHC.PY sensi multiplier[HTL],0.06994038056494567,0.17609612908411132,0.10615574851916565,0.10615574851916565,0.10615574851916565,numeric,model_factors,134,23,0.8535031847133758,2.181666437544086,2.251606818109032,0.38135768404941783,False,False
WW.Mature Industry Rate of Return as PCT[SludgeToHTL]_sqrt,0.06994038056494567,0.18516472508996681,0.11522434452502114,0.11522434452502114,0.11522434452502114,transformation,dynamic_discovery,135,22,0.8598726114649682,2.296890782069107,2.366831162634053,0.3627908259051011,False,False
CHC.Mature Industry Rate of Return as PCT[Brownfield]_sqrt,0.06994038056494567,0.19485351880762805,0.12491313824268238,0.12491313824268238,0.12491313824268238,transformation,dynamic_discovery,136,21,0.8662420382165605,2.4218039203117896,2.4917443008767353,0.34212716676410926,False,False
CHC.Mature Industry Rate of Return as PCT[Brownfield],0.06994038056494567,0.1984432965438521,0.12850291597890642,0.12850291597890642,0.12850291597890642,numeric,model_factors,137,20,0.8726114649681529,2.550306836290696,2.620247216855642,0.32068662561339556,False,False
OHC.PY sensi multiplier[HEFA]:OHC.progress ratios commercial[HEFA],0.06994038056494567,0.20015452779351328,0.1302141472285676,0.1302141472285676,0.1302141472285676,interaction,dynamic_discovery,138,19,0.8789808917197452,2.680520983519264,2.7504613640842095,0.29887574822739904,False,False
CHC.Mature Industry Rate of Return as PCT[Thermochem],0.06994038056494567,0.2008195319159137,0.13087915135096803,0.13087915135096803,0.13087915135096803,numeric,model_factors,139,18,0.8853503184713376,2.8114001348702318,2.8813405154351774,0.27692095392591487,False,False
CHC.progress ratios commercial[Thermochem]_sq,0.06994038056494567,0.20516888655832247,0.1352285059933768,0.1352285059933768,0.1352285059933768,transformation,dynamic_discovery,140,17,0.89171974522293,2.9466286408636084,3.016569021428554,0.25402489372334414,False,False
CHC.Mature Industry Rate of Return as PCT[Thermochem]_sqrt,0.06994038056494567,0.21400874954631685,0.14406836898137118,0.14406836898137118,0.14406836898137118,transformation,dynamic_discovery,141,16,0.8980891719745223,3.0906970098449795,3.160637390409925,0.22921575392966698,False,False
AHC.PY sensi multiplier[HEFA],0.06994038056494567,0.2169209910092657,0.14698061044432004,0.14698061044432004,0.14698061044432004,numeric,model_factors,142,15,0.9044585987261147,3.2376776202892996,3.3076180008542453,0.20377636118809828,False,False
CHC.PY sensi multiplier[Thermochem],0.06994038056494567,0.23433716444966501,0.16439678388471934,0.16439678388471934,0.16439678388471934,numeric,model_factors,143,14,0.910828025477707,3.402074404174019,3.4720147847389646,0.1745678460054636,False,False
OHC.PY sensi multiplier[HEFABrownfield]:OHC.PY sensi multiplier[HEFA],0.06994038056494567,0.23704155790735684,0.16710117734241117,0.16710117734241117,0.16710117734241117,interaction,dynamic_discovery,144,13,0.9171974522292994,3.56917558151643,3.6391159620813758,0.14477405931610332,False,False
CHC.FCI  sensi multiplier[Thermochem]_log1p,0.06994038056494567,0.24145184205448447,0.1715114614895388,0.1715114614895388,0.1715114614895388,transformation,dynamic_discovery,145,12,0.9235668789808917,3.740687043005969,3.8106274235709146,0.11402582066246392,False,False
OHC.progress ratios commercial[HEFA],0.06994038056494567,0.2501245052532102,0.18018412468826456,0.18018412468826456,0.18018412468826456,numeric,model_factors,146,11,0.9299363057324841,3.9208711676942336,3.9908115482591793,0.0814006869722661,False,False
CHC.FCI  sensi multiplier[Thermochem],0.06994038056494567,0.2598490240129679,0.18990864344802222,0.18990864344802222,0.18990864344802222,numeric,model_factors,147,10,0.9363057324840764,4.1107798111422555,4.180720191707201,0.04667102084781127,False,False
WW.PY sensi multiplier[SludgeToHTL]:WW.progress ratios commercial[SludgeToHTL],0.06994038056494567,0.26697317971081974,0.19703279914587407,0.19703279914587407,0.19703279914587407,interaction,dynamic_discovery,148,9,0.9426751592356688,4.30781261028813,4.377752990853075,0.010399580050159063,False,False
OHC.PY sensi multiplier[HEFA]_inv,0.06994038056494567,0.3212583237772783,0.25131794321233264,0.25131794321233264,0.25131794321233264,transformation,dynamic_discovery,149,8,0.9490445859872612,4.559130553500462,4.629070934065408,-0.037619984146561314,False,False
CHC.progress ratios commercial[Thermochem],0.06994038056494567,0.37803883462573096,0.3080984540607853,0.3080984540607853,0.3080984540607853,numeric,model_factors,150,7,0.9554140127388535,4.867229007561248,4.937169388126193,-0.04458598726114649,False,False
WW.progress ratios commercial[SludgeToHTL]_sq,0.06994038056494567,0.43781972314524154,0.36787934258029586,0.36787934258029586,0.36787934258029586,transformation,dynamic_discovery,151,6,0.9617834394904459,5.235108350141544,5.305048730706489,-0.03821656050955413,False,False
WW.PY sensi multiplier[SludgeToHTL],0.06994038056494567,0.5953187618106756,0.5253783812457299,0.5253783812457299,0.5253783812457299,numeric,model_factors,152,5,0.9681528662420382,5.760486731387274,5.830427111952219,-0.031847133757961776,False,False
OHC.PY sensi multiplier[HEFA],0.06994038056494567,0.6849096329821588,0.6149692524172131,0.6149692524172131,0.6149692524172131,numeric,model_factors,153,4,0.9745222929936306,6.375455983804486,6.445396364369432,-0.02547770700636942,False,False
WW.PY sensi multiplier[SludgeToHTL]_sqrt,0.06994038056494567,0.6909398238944059,0.6209994433294602,0.6209994433294602,0.6209994433294602,transformation,dynamic_discovery,154,3,0.9808917197452229,6.996455427133947,7.066395807698893,-0.019108280254777066,False,False
OHC.PY sensi multiplier[HEFABrownfield],0.06994038056494567,0.7155948188731135,0.6456544383081678,0.6456544383081678,0.6456544383081678,numeric,model_factors,155,2,0.9872611464968153,7.642109865442115,7.712050246007061,-0.01273885350318471,False,False
WW.progress ratios commercial[SludgeToHTL],0.06994038056494567,0.8006310043683519,0.7306906238034062,0.7306906238034062,0.7306906238034062,numeric,model_factors,156,1,0.9936305732484076,8.37280048924552,8.442740869810466,-0.006369426751592355,False,False
OHC.PY sensi multiplier[HEFABrownfield]_log1p,0.06994038056494567,0.9030473082883196,0.8331069277233739,0.8331069277233739,0.8331069277233739,transformation,dynamic_discovery,157,0,1.0,9.205907416968895,9.27584779753384,0.0,False,False
