feature_name,noref_drop_macro_nrmse,baseline_macro_nrmse,delta_nrmse_when_feature_removed,delta_nrmse_abs,feature_type,origin
sqrt_OHC.PY sensi multiplier[HEFABrownfield],1.2722068292227002,0.06759885329577375,1.2046079759269266,1.2046079759269266,transformation,dynamic_discovery
OHC.PY sensi multiplier[HEFA],0.7234045391290618,0.06759885329577375,0.655805685833288,0.655805685833288,numeric,model_factors
OHC.PY sensi multiplier[HEFABrownfield],0.7086301239694764,0.06759885329577375,0.6410312706737027,0.6410312706737027,numeric,model_factors
CHC.PY sensi multiplier[Thermochem],0.5572467610264628,0.06759885329577375,0.489647907730689,0.489647907730689,numeric,model_factors
WW.PY sensi multiplier[SludgeToHTL],0.5159060976068377,0.06759885329577375,0.44830724431106395,0.44830724431106395,numeric,model_factors
sqrt_AHC.PY sensi multiplier[HEFA],0.5081597620222678,0.06759885329577375,0.440560908726494,0.440560908726494,transformation,dynamic_discovery
WW.progress ratios commercial[SludgeToHTL],0.4995053132037747,0.06759885329577375,0.431906459908001,0.431906459908001,numeric,model_factors
inverse_WW.progress ratios commercial[SludgeToHTL],0.41830998882336173,0.06759885329577375,0.350711135527588,0.350711135527588,transformation,dynamic_discovery
sqrt_AHC.PY sensi multiplier[HTL],0.39403906546472667,0.06759885329577375,0.3264402121689529,0.3264402121689529,transformation,dynamic_discovery
inverse_OHC.PY sensi multiplier[HEFA],0.32065033593474884,0.06759885329577375,0.2530514826389751,0.2530514826389751,transformation,dynamic_discovery
OHC.progress ratios commercial[HEFA],0.28419030925892413,0.06759885329577375,0.21659145596315038,0.21659145596315038,numeric,model_factors
WW.PY sensi multiplier[SludgeToHTL]:WW.progress ratios commercial[SludgeToHTL],0.2678050064438759,0.06759885329577375,0.20020615314810214,0.20020615314810214,interaction,dynamic_discovery
AHC.PY sensi multiplier[HTL],0.2593837352108278,0.06759885329577375,0.19178488191505405,0.19178488191505405,numeric,model_factors
AHC.PY sensi multiplier[HEFA],0.25735462039545437,0.06759885329577375,0.18975576709968062,0.18975576709968062,numeric,model_factors
SE.progress ratios commercial[Jet],0.2514654244200519,0.06759885329577375,0.18386657112427812,0.18386657112427812,numeric,model_factors
OHC.PY sensi multiplier[HEFABrownfield]:OHC.PY sensi multiplier[HEFA],0.23613601227346218,0.06759885329577375,0.16853715897768842,0.16853715897768842,interaction,dynamic_discovery
OHC.progress ratios commercial[HEFABrownfield],0.21016659057363082,0.06759885329577375,0.14256773727785707,0.14256773727785707,numeric,model_factors
CHC.PY sensi multiplier[Thermochem]:CHC.progress ratios commercial[Thermochem],0.20423801277022174,0.06759885329577375,0.136639159474448,0.136639159474448,interaction,dynamic_discovery
OHC.PY sensi multiplier[HEFA]:OHC.progress ratios commercial[HEFA],0.1970151800400155,0.06759885329577375,0.12941632674424175,0.12941632674424175,interaction,dynamic_discovery
CHC.PY sensi multiplier[Brownfield],0.18866495377906473,0.06759885329577375,0.12106610048329097,0.12106610048329097,numeric,model_factors
WW.ORNOOC sensi multiplier[SludgeToHTL],0.17145067697195912,0.06759885329577375,0.10385182367618537,0.10385182367618537,numeric,model_factors
WW.PY sensi multiplier[ManureToHTL],0.1652590167871466,0.06759885329577375,0.09766016349137285,0.09766016349137285,numeric,model_factors
OHC.progress ratios commercial[HEFA]:OHC.progress ratios commercial[HEFABrownfield],0.1606254246581377,0.06759885329577375,0.09302657136236395,0.09302657136236395,interaction,dynamic_discovery
CHC.progress ratios commercial[Thermochem],0.16020795600641516,0.06759885329577375,0.0926091027106414,0.0926091027106414,numeric,model_factors
CHC.PY sensi multiplier[Thermochem]:CHC.FCI  sensi multiplier[Thermochem],0.16007660626142906,0.06759885329577375,0.0924777529656553,0.0924777529656553,interaction,dynamic_discovery
WW.Mature Industry Rate of Return as PCT[SludgeToHTL]:WW.progress ratios commercial[SludgeToHTL],0.15767078020659087,0.06759885329577375,0.09007192691081711,0.09007192691081711,interaction,dynamic_discovery
WW.Mature Industry Rate of Return as PCT[SludgeToHTL],0.1553326938357972,0.06759885329577375,0.08773384054002345,0.08773384054002345,numeric,model_factors
CHC.PY sensi multiplier[Thermochem]:CHC.Mature Industry Rate of Return as PCT[Thermochem],0.15355278767728706,0.06759885329577375,0.0859539343815133,0.0859539343815133,interaction,dynamic_discovery
CHC.FCI  sensi multiplier[Thermochem],0.15333801174972364,0.06759885329577375,0.08573915845394989,0.08573915845394989,numeric,model_factors
WW.progress ratios commercial[ManureToHTL],0.14361944989416714,0.06759885329577375,0.07602059659839339,0.07602059659839339,numeric,model_factors
SE.progress ratios commercial[Jet]_squared,0.14167448509969788,0.06759885329577375,0.07407563180392412,0.07407563180392412,transformation,dynamic_discovery
inverse_OHC.progress ratios commercial[HEFA],0.14102275311857262,0.06759885329577375,0.07342389982279887,0.07342389982279887,transformation,dynamic_discovery
CHC.Mature Industry Rate of Return as PCT[Thermochem],0.1399024154200055,0.06759885329577375,0.07230356212423175,0.07230356212423175,numeric,model_factors
WW.FCI  sensi multiplier[SludgeToHTL],0.1291314009863445,0.06759885329577375,0.06153254769057076,0.06153254769057076,numeric,model_factors
WW.progress ratios commercial[SludgeToHTL]:WW.FCI  sensi multiplier[SludgeToHTL],0.12889719878218397,0.06759885329577375,0.06129834548641022,0.06129834548641022,interaction,dynamic_discovery
inverse_WW.PY sensi multiplier[SludgeToHTL],0.12674140159289485,0.06759885329577375,0.059142548297121095,0.059142548297121095,transformation,dynamic_discovery
OHC.PY sensi multiplier[HEFABrownfield]:OHC.progress ratios commercial[HEFA],0.12369407226203377,0.06759885329577375,0.05609521896626002,0.05609521896626002,interaction,dynamic_discovery
OHC.PY sensi multiplier[HEFA]:CHC.PY sensi multiplier[Thermochem],0.11949680608422021,0.06759885329577375,0.05189795278844646,0.05189795278844646,interaction,dynamic_discovery
WW.PY sensi multiplier[SludgeToHTL]:WW.Mature Industry Rate of Return as PCT[SludgeToHTL],0.11907999850081137,0.06759885329577375,0.05148114520503762,0.05148114520503762,interaction,dynamic_discovery
CHC.progress ratios commercial[Brownfield],0.11873785925088652,0.06759885329577375,0.05113900595511277,0.05113900595511277,numeric,model_factors
OHC.FCI  sensi multiplier[HEFA],0.11759386719846365,0.06759885329577375,0.0499950139026899,0.0499950139026899,numeric,model_factors
SE.ORNOOC sensi multiplier[Jet],0.11580227461604915,0.06759885329577375,0.0482034213202754,0.0482034213202754,numeric,model_factors
CHC.initial indices of Commercial Maturity[Brownfield],0.11548857815003258,0.06759885329577375,0.047889724854258825,0.047889724854258825,numeric,model_factors
WW.progress ratios commercial[SludgeToHTL]:WW.ORNOOC sensi multiplier[SludgeToHTL],0.11441363540194001,0.06759885329577375,0.046814782106166256,0.046814782106166256,interaction,dynamic_discovery
CHC.PY sensi multiplier[Thermochem]:WW.progress ratios commercial[SludgeToHTL],0.11339311954597617,0.06759885329577375,0.045794266250202414,0.045794266250202414,interaction,dynamic_discovery
WW.PY sensi multiplier[SludgeToHTL]:CHC.PY sensi multiplier[Thermochem],0.11271278587615713,0.06759885329577375,0.045113932580383376,0.045113932580383376,interaction,dynamic_discovery
SE.Max Jet Investment Hit Rate,0.11175666791317733,0.06759885329577375,0.044157814617403576,0.044157814617403576,numeric,model_factors
CHC.FCI  sensi multiplier[Thermochem]:CHC.progress ratios commercial[Thermochem],0.10945303103016135,0.06759885329577375,0.0418541777343876,0.0418541777343876,interaction,dynamic_discovery
OHC.PY sensi multiplier[HEFA]:OHC.ORNOOC sensi multiplier[HEFA],0.10903168797958628,0.06759885329577375,0.04143283468381252,0.04143283468381252,interaction,dynamic_discovery
CHC.Mature Industry Rate of Return as PCT[Thermochem]:CHC.progress ratios commercial[Thermochem],0.10782647712180242,0.06759885329577375,0.040227623826028666,0.040227623826028666,interaction,dynamic_discovery
inverse_CHC.progress ratios commercial[Brownfield],0.10650837319431843,0.06759885329577375,0.03890951989854467,0.03890951989854467,transformation,dynamic_discovery
WW.progress ratios commercial[SludgeToHTL]:OHC.progress ratios commercial[HEFA],0.10643507042455905,0.06759885329577375,0.038836217128785294,0.038836217128785294,interaction,dynamic_discovery
CHC.initial indices of Commercial Maturity[Brownfield]:CHC.PY sensi multiplier[Brownfield],0.10504578353582653,0.06759885329577375,0.03744693024005277,0.03744693024005277,interaction,dynamic_discovery
OHC.PY sensi multiplier[HEFA]:OHC.FCI  sensi multiplier[HEFA],0.10465620255588147,0.06759885329577375,0.037057349260107716,0.037057349260107716,interaction,dynamic_discovery
AHC.FCI  sensi multiplier[HTL],0.1045295063779462,0.06759885329577375,0.03693065308217244,0.03693065308217244,numeric,model_factors
CHC.PY sensi multiplier[Brownfield]:CHC.progress ratios commercial[Brownfield],0.10392313494990763,0.06759885329577375,0.03632428165413387,0.03632428165413387,interaction,dynamic_discovery
OHC.ORNOOC sensi multiplier[HEFA],0.1033826277944246,0.06759885329577375,0.03578377449865085,0.03578377449865085,numeric,model_factors
WW.PY sensi multiplier[SludgeToHTL]:WW.ORNOOC sensi multiplier[SludgeToHTL],0.10327693495912757,0.06759885329577375,0.03567808166335382,0.03567808166335382,interaction,dynamic_discovery
CHC.Mature Industry Rate of Return as PCT[Brownfield],0.10292647786309114,0.06759885329577375,0.03532762456731739,0.03532762456731739,numeric,model_factors
OHC.PY sensi multiplier[HEFABrownfield]:CHC.PY sensi multiplier[Thermochem],0.10097631017402466,0.06759885329577375,0.0333774568782509,0.0333774568782509,interaction,dynamic_discovery
CHC.PY sensi multiplier[Thermochem]:CHC.initial indices of Commercial Maturity[Thermochem],0.10024233082160618,0.06759885329577375,0.03264347752583242,0.03264347752583242,interaction,dynamic_discovery
WW.PY sensi multiplier[SludgeToHTL]:WW.FCI  sensi multiplier[SludgeToHTL],0.10013704804255964,0.06759885329577375,0.03253819474678589,0.03253819474678589,interaction,dynamic_discovery
CHC.Mature Industry Rate of Return as PCT[Brownfield]:CHC.PY sensi multiplier[Brownfield],0.10002341383402695,0.06759885329577375,0.0324245605382532,0.0324245605382532,interaction,dynamic_discovery
OHC.Mature Industry Rate of Return as PCT[HEFA],0.09839541711231697,0.06759885329577375,0.03079656381654322,0.03079656381654322,numeric,model_factors
inverse_WW.PY sensi multiplier[ManureToHTL],0.09828531171640675,0.06759885329577375,0.030686458420633,0.030686458420633,transformation,dynamic_discovery
WW.PY sensi multiplier[SludgeToHTL]:CHC.progress ratios commercial[Thermochem],0.09718999120925834,0.06759885329577375,0.029591137913484583,0.029591137913484583,interaction,dynamic_discovery
inverse_OHC.progress ratios commercial[HEFABrownfield],0.09676625793433484,0.06759885329577375,0.029167404638561087,0.029167404638561087,transformation,dynamic_discovery
CHC.Mature Industry Rate of Return as PCT[Thermochem]:CHC.FCI  sensi multiplier[Thermochem],0.09653627838085092,0.06759885329577375,0.02893742508507717,0.02893742508507717,interaction,dynamic_discovery
OHC.PY sensi multiplier[HEFA]:CHC.progress ratios commercial[Thermochem],0.0961986766605516,0.06759885329577375,0.028599823364777843,0.028599823364777843,interaction,dynamic_discovery
WW.ORNOOC sensi multiplier[ManureToHTL],0.09518856049564967,0.06759885329577375,0.027589707199875912,0.027589707199875912,numeric,model_factors
OHC.PY sensi multiplier[HEFA]:OHC.progress ratios commercial[HEFABrownfield],0.09486977870342338,0.06759885329577375,0.027270925407649624,0.027270925407649624,interaction,dynamic_discovery
OHC.PY sensi multiplier[HEFA]:OHC.Mature Industry Rate of Return as PCT[HEFA],0.09476916282905513,0.06759885329577375,0.02717030953328138,0.02717030953328138,interaction,dynamic_discovery
SE.FCI  sensi multiplier[Jet],0.09467521374520889,0.06759885329577375,0.027076360449435136,0.027076360449435136,numeric,model_factors
CHC.FCI  sensi multiplier[Brownfield],0.09450263207800025,0.06759885329577375,0.026903778782226495,0.026903778782226495,numeric,model_factors
WW.progress ratios commercial[SludgeToHTL]:CHC.progress ratios commercial[Thermochem],0.09367056617577954,0.06759885329577375,0.026071712880005787,0.026071712880005787,interaction,dynamic_discovery
WW.progress ratios commercial[SludgeToHTL]:CHC.FCI  sensi multiplier[Thermochem],0.09317473016047716,0.06759885329577375,0.025575876864703403,0.025575876864703403,interaction,dynamic_discovery
CHC.initial indices of Commercial Maturity[Brownfield]:CHC.Mature Industry Rate of Return as PCT[Brownfield],0.0925969523491696,0.06759885329577375,0.024998099053395853,0.024998099053395853,interaction,dynamic_discovery
WW.progress ratios commercial[SludgeToHTL]:AHC.FCI  sensi multiplier[HTL],0.09167796356938922,0.06759885329577375,0.024079110273615464,0.024079110273615464,interaction,dynamic_discovery
OHC.PY sensi multiplier[HEFABrownfield]:CHC.progress ratios commercial[Thermochem],0.0915375623243376,0.06759885329577375,0.023938709028563848,0.023938709028563848,interaction,dynamic_discovery
OHC.PY sensi multiplier[HEFABrownfield]:OHC.progress ratios commercial[HEFABrownfield],0.09129074947631949,0.06759885329577375,0.023691896180545735,0.023691896180545735,interaction,dynamic_discovery
OHC.progress ratios commercial[HEFA]:OHC.FCI  sensi multiplier[HEFA],0.09126504986580423,0.06759885329577375,0.02366619657003048,0.02366619657003048,interaction,dynamic_discovery
CHC.PY sensi multiplier[Brownfield]:CHC.FCI  sensi multiplier[Brownfield],0.09114737293486062,0.06759885329577375,0.02354851963908687,0.02354851963908687,interaction,dynamic_discovery
OHC.PY sensi multiplier[HEFA]:WW.PY sensi multiplier[SludgeToHTL],0.09092434655798541,0.06759885329577375,0.023325493262211658,0.023325493262211658,interaction,dynamic_discovery
OHC.Retirement Frac[TransEster],0.09073115843237703,0.06759885329577375,0.023132305136603276,0.023132305136603276,numeric,model_factors
WW.Mature Industry Rate of Return as PCT[SludgeToHTL]:WW.FCI  sensi multiplier[SludgeToHTL],0.09052337964888633,0.06759885329577375,0.02292452635311258,0.02292452635311258,interaction,dynamic_discovery
CHC.FCI  sensi multiplier[Brownfield]:CHC.progress ratios commercial[Brownfield],0.08908114026269293,0.06759885329577375,0.021482286966919173,0.021482286966919173,interaction,dynamic_discovery
OHC.Retirement Frac[TransEster]:OHC.PY sensi multiplier[HEFABrownfield],0.08840447237103102,0.06759885329577375,0.02080561907525727,0.02080561907525727,interaction,dynamic_discovery
WW.FCI  sensi multiplier[ManureToHTL],0.08822917143465335,0.06759885329577375,0.020630318138879597,0.020630318138879597,numeric,model_factors
OHC.PY sensi multiplier[HEFA]:CHC.FCI  sensi multiplier[Thermochem],0.08793841607739016,0.06759885329577375,0.020339562781616402,0.020339562781616402,interaction,dynamic_discovery
OHC.PY sensi multiplier[HEFA]:CHC.Mature Industry Rate of Return as PCT[Thermochem],0.08718459117602244,0.06759885329577375,0.019585737880248685,0.019585737880248685,interaction,dynamic_discovery
OHC.PY sensi multiplier[HEFABrownfield]:WW.PY sensi multiplier[SludgeToHTL],0.08681750858872062,0.06759885329577375,0.019218655292946862,0.019218655292946862,interaction,dynamic_discovery
WW.progress ratios commercial[ManureToHTL]_squared,0.08669309388920556,0.06759885329577375,0.019094240593431802,0.019094240593431802,transformation,dynamic_discovery
WW.PY sensi multiplier[ManureToHTL]:WW.progress ratios commercial[ManureToHTL],0.08634415788620435,0.06759885329577375,0.018745304590430598,0.018745304590430598,interaction,dynamic_discovery
inverse_SE.PY sensi multiplier[Jet],0.08622264232880542,0.06759885329577375,0.018623789033031662,0.018623789033031662,transformation,dynamic_discovery
SE.Max Jet Investment Hit Rate:SE.PY sensi multiplier[Jet],0.08620770705432125,0.06759885329577375,0.018608853758547497,0.018608853758547497,interaction,dynamic_discovery
CHC.initial indices of Commercial Maturity[Brownfield]:CHC.progress ratios commercial[Brownfield],0.08584838500450742,0.06759885329577375,0.01824953170873367,0.01824953170873367,interaction,dynamic_discovery
AHC.PY sensi multiplier[HTL]:WW.progress ratios commercial[SludgeToHTL],0.0854721847415658,0.06759885329577375,0.01787333144579205,0.01787333144579205,interaction,dynamic_discovery
CHC.PY sensi multiplier[Thermochem]:CHC.PY sensi multiplier[Brownfield],0.0849817372992573,0.06759885329577375,0.017382884003483548,0.017382884003483548,interaction,dynamic_discovery
OHC.PY sensi multiplier[HEFA]:WW.progress ratios commercial[SludgeToHTL],0.08467433765961348,0.06759885329577375,0.017075484363839724,0.017075484363839724,interaction,dynamic_discovery
OHC.ORNOOC sensi multiplier[HEFABrownfield],0.08460139440135478,0.06759885329577375,0.017002541105581026,0.017002541105581026,numeric,model_factors
CHC.initial indices of Commercial Maturity[Brownfield]:CHC.FCI  sensi multiplier[Brownfield],0.08446144699141604,0.06759885329577375,0.01686259369564229,0.01686259369564229,interaction,dynamic_discovery
CHC.PY sensi multiplier[Thermochem]:WW.Mature Industry Rate of Return as PCT[SludgeToHTL],0.08440276048315482,0.06759885329577375,0.016803907187381062,0.016803907187381062,interaction,dynamic_discovery
WW.progress ratios commercial[SludgeToHTL]:SE.ORNOOC sensi multiplier[Jet],0.08417710316264254,0.06759885329577375,0.01657824986686879,0.01657824986686879,interaction,dynamic_discovery
OHC.PY sensi multiplier[HEFABrownfield]:WW.progress ratios commercial[SludgeToHTL],0.08414537359390496,0.06759885329577375,0.01654652029813121,0.01654652029813121,interaction,dynamic_discovery
SE.Mature Industry Rate of Return as PCT[Jet],0.08398876656813119,0.06759885329577375,0.016389913272357434,0.016389913272357434,numeric,model_factors
WW.PY sensi multiplier[ManureToHTL]:WW.Mature Industry Rate of Return as PCT[ManureToHTL],0.08393958644567616,0.06759885329577375,0.016340733149902406,0.016340733149902406,interaction,dynamic_discovery
CHC.Mature Industry Rate of Return as PCT[Biochem],0.08358630939195286,0.06759885329577375,0.015987456096179103,0.015987456096179103,numeric,model_factors
inverse_CHC.FCI  sensi multiplier[Thermochem],0.0834714461673464,0.06759885329577375,0.015872592871572652,0.015872592871572652,transformation,dynamic_discovery
CHC.ORNOOC sensi multiplier[Thermochem],0.0830585014050305,0.06759885329577375,0.015459648109256749,0.015459648109256749,numeric,model_factors
SE.Max Jet Investment Hit Rate:WW.progress ratios commercial[SludgeToHTL],0.08274786650939785,0.06759885329577375,0.015149013213624093,0.015149013213624093,interaction,dynamic_discovery
CHC.PY sensi multiplier[Biochem],0.08268067171156507,0.06759885329577375,0.015081818415791315,0.015081818415791315,numeric,model_factors
WW.progress ratios commercial[SludgeToHTL]:CHC.Mature Industry Rate of Return as PCT[Thermochem],0.08257282138389024,0.06759885329577375,0.01497396808811649,0.01497396808811649,interaction,dynamic_discovery
WW.ORNOOC sensi multiplier[ManureToHTL]:WW.progress ratios commercial[ManureToHTL],0.08243608337737526,0.06759885329577375,0.01483723008160151,0.01483723008160151,interaction,dynamic_discovery
WW.PY sensi multiplier[SludgeToHTL]:CHC.Mature Industry Rate of Return as PCT[Thermochem],0.08232586062816562,0.06759885329577375,0.014727007332391864,0.014727007332391864,interaction,dynamic_discovery
CHC.FCI  sensi multiplier[Biochem],0.08226509554449664,0.06759885329577375,0.014666242248722886,0.014666242248722886,numeric,model_factors
WW.PY sensi multiplier[SludgeToHTL]:CHC.FCI  sensi multiplier[Thermochem],0.08224320143382544,0.06759885329577375,0.014644348138051683,0.014644348138051683,interaction,dynamic_discovery
"SE.Policy Duration[Price,Jet]",0.08191766312806924,0.06759885329577375,0.014318809832295484,0.014318809832295484,numeric,model_factors
CHC.Mature Industry Rate of Return as PCT[Biochem]:CHC.PY sensi multiplier[Biochem],0.08182637640173658,0.06759885329577375,0.014227523105962828,0.014227523105962828,interaction,dynamic_discovery
CHC.Mature Industry Rate of Return as PCT[Biochem]:CHC.FCI  sensi multiplier[Biochem],0.08175674058405237,0.06759885329577375,0.014157887288278617,0.014157887288278617,interaction,dynamic_discovery
"OHC.Policy Duration[Price,HEFA]",0.081690455780117,0.06759885329577375,0.01409160248434324,0.01409160248434324,numeric,model_factors
SE.Max Jet Investment Hit Rate:CHC.PY sensi multiplier[Thermochem],0.08153558622045541,0.06759885329577375,0.013936732924681658,0.013936732924681658,interaction,dynamic_discovery
CHC.Mature Industry Rate of Return as PCT[Thermochem]:CHC.initial indices of Commercial Maturity[Thermochem],0.08153102121988577,0.06759885329577375,0.013932167924112018,0.013932167924112018,interaction,dynamic_discovery
OHC.PY sensi multiplier[HEFA]:SE.Max Jet Investment Hit Rate,0.08149309564481746,0.06759885329577375,0.013894242349043712,0.013894242349043712,interaction,dynamic_discovery
WW.ORNOOC sensi multiplier[SludgeToHTL]:CHC.progress ratios commercial[Thermochem],0.08132371080753897,0.06759885329577375,0.01372485751176522,0.01372485751176522,interaction,dynamic_discovery
CHC.Mature Industry Rate of Return as PCT[Brownfield]:CHC.progress ratios commercial[Brownfield],0.0812973411246891,0.06759885329577375,0.013698487828915348,0.013698487828915348,interaction,dynamic_discovery
OHC.Retirement Frac[TransEster]:OHC.PY sensi multiplier[HEFA],0.08113706584324372,0.06759885329577375,0.013538212547469966,0.013538212547469966,interaction,dynamic_discovery
CHC.PY sensi multiplier[Biochem]:CHC.FCI  sensi multiplier[Biochem],0.08112058017727973,0.06759885329577375,0.013521726881505977,0.013521726881505977,interaction,dynamic_discovery
CHC.Mature Industry Rate of Return as PCT[Brownfield]:CHC.FCI  sensi multiplier[Brownfield],0.08109556427360388,0.06759885329577375,0.013496710977830131,0.013496710977830131,interaction,dynamic_discovery
SE.PY sensi multiplier[Jet]:CHC.progress ratios commercial[Thermochem],0.08089412161194383,0.06759885329577375,0.013295268316170075,0.013295268316170075,interaction,dynamic_discovery
CHC.PY sensi multiplier[Thermochem]:WW.ORNOOC sensi multiplier[SludgeToHTL],0.08087586231462694,0.06759885329577375,0.01327700901885319,0.01327700901885319,interaction,dynamic_discovery
CHC.PY sensi multiplier[Thermochem]:WW.FCI  sensi multiplier[SludgeToHTL],0.0805280510199732,0.06759885329577375,0.012929197724199454,0.012929197724199454,interaction,dynamic_discovery
CHC.PY sensi multiplier[Thermochem]:CHC.ORNOOC sensi multiplier[Thermochem],0.08052498201035277,0.06759885329577375,0.012926128714579016,0.012926128714579016,interaction,dynamic_discovery
WW.PY sensi multiplier[ManureToHTL]:WW.ORNOOC sensi multiplier[ManureToHTL],0.08007296807623288,0.06759885329577375,0.012474114780459122,0.012474114780459122,interaction,dynamic_discovery
SE.PY sensi multiplier[Jet]:WW.progress ratios commercial[SludgeToHTL],0.08003943453272451,0.06759885329577375,0.012440581236950757,0.012440581236950757,interaction,dynamic_discovery
OHC.PY sensi multiplier[HEFABrownfield]:CHC.Mature Industry Rate of Return as PCT[Thermochem],0.0800275491466939,0.06759885329577375,0.012428695850920143,0.012428695850920143,interaction,dynamic_discovery
"OHC.PY sensi multiplier[HEFA]:OHC.Policy Duration[Price,HEFA]",0.0797955847809154,0.06759885329577375,0.012196731485141651,0.012196731485141651,interaction,dynamic_discovery
WW.FCI  sensi multiplier[ManureToHTL]:WW.progress ratios commercial[ManureToHTL],0.07961910730892421,0.06759885329577375,0.012020254013150461,0.012020254013150461,interaction,dynamic_discovery
AHC.FCI  sensi multiplier[HEFA],0.07955728231078904,0.06759885329577375,0.011958429015015287,0.011958429015015287,numeric,model_factors
WW.PY sensi multiplier[ManureToHTL]:WW.FCI  sensi multiplier[ManureToHTL],0.07954661553672139,0.06759885329577375,0.011947762240947638,0.011947762240947638,interaction,dynamic_discovery
OHC.PY sensi multiplier[HEFABrownfield]:SE.Max Jet Investment Hit Rate,0.0793707534908597,0.06759885329577375,0.01177190019508595,0.01177190019508595,interaction,dynamic_discovery
CHC.initial indices of Commercial Maturity[Thermochem]:CHC.progress ratios commercial[Thermochem],0.07907417793517421,0.06759885329577375,0.011475324639400458,0.011475324639400458,interaction,dynamic_discovery
AHC.Mature Industry Rate of Return as PCT[HTL],0.07889604244442519,0.06759885329577375,0.011297189148651438,0.011297189148651438,numeric,model_factors
WW.Mature Industry Rate of Return as PCT[ManureToHTL]:WW.FCI  sensi multiplier[ManureToHTL],0.07880292736904149,0.06759885329577375,0.011204074073267734,0.011204074073267734,interaction,dynamic_discovery
WW.progress ratios commercial[SludgeToHTL]:AHC.Mature Industry Rate of Return as PCT[HTL],0.07854497417017424,0.06759885329577375,0.010946120874400486,0.010946120874400486,interaction,dynamic_discovery
CHC.PY sensi multiplier[Thermochem]:CHC.Mature Industry Rate of Return as PCT[Brownfield],0.07849781462721461,0.06759885329577375,0.01089896133144086,0.01089896133144086,interaction,dynamic_discovery
SE.PY sensi multiplier[Jet]:SE.ORNOOC sensi multiplier[Jet],0.07834343556799311,0.06759885329577375,0.01074458227221936,0.01074458227221936,interaction,dynamic_discovery
CHC.initial indices of Commercial Maturity[Thermochem]:CHC.FCI  sensi multiplier[Thermochem],0.07826357580267428,0.06759885329577375,0.010664722506900523,0.010664722506900523,interaction,dynamic_discovery
CHC.initial indices of Commercial Maturity[Brownfield]:CHC.PY sensi multiplier[Thermochem],0.07825731160907314,0.06759885329577375,0.010658458313299382,0.010658458313299382,interaction,dynamic_discovery
AHC.PY sensi multiplier[HEFA]:OHC.progress ratios commercial[HEFA],0.07805149618061885,0.06759885329577375,0.010452642884845098,0.010452642884845098,interaction,dynamic_discovery
OHC.PY sensi multiplier[HEFA]:WW.Mature Industry Rate of Return as PCT[SludgeToHTL],0.07797092163648257,0.06759885329577375,0.01037206834070882,0.01037206834070882,interaction,dynamic_discovery
WW.ORNOOC sensi multiplier[SludgeToHTL]:OHC.progress ratios commercial[HEFA],0.07782727115226133,0.06759885329577375,0.010228417856487579,0.010228417856487579,interaction,dynamic_discovery
WW.Mature Industry Rate of Return as PCT[SludgeToHTL]:WW.ORNOOC sensi multiplier[SludgeToHTL],0.07781936562047963,0.06759885329577375,0.010220512324705874,0.010220512324705874,interaction,dynamic_discovery
WW.initial indices of Commercial Maturity[SludgeToHTL],0.07769556929899848,0.06759885329577375,0.010096716003224732,0.010096716003224732,numeric,model_factors
CHC.PY sensi multiplier[Thermochem]:CHC.Debt Interest Rate as pct[Thermochem],0.0774664833769979,0.06759885329577375,0.00986763008122414,0.00986763008122414,interaction,dynamic_discovery
AHC.initial indices of Commercial Maturity[HTL],0.07739481314782906,0.06759885329577375,0.009795959852055308,0.009795959852055308,numeric,model_factors
WW.progress ratios commercial[SludgeToHTL]:AHC.initial indices of Commercial Maturity[HTL],0.0770752285215511,0.06759885329577375,0.00947637522577735,0.00947637522577735,interaction,dynamic_discovery
OHC.PY sensi multiplier[HEFA]:OHC.ORNOOC sensi multiplier[HEFABrownfield],0.07690005122143491,0.06759885329577375,0.009301197925661156,0.009301197925661156,interaction,dynamic_discovery
AHC.PY sensi multiplier[HTL]:WW.PY sensi multiplier[SludgeToHTL],0.07667635444383365,0.06759885329577375,0.0090775011480599,0.0090775011480599,interaction,dynamic_discovery
"WW.Policy Duration[Price,ManureToHTL]",0.07662507587373912,0.06759885329577375,0.00902622257796537,0.00902622257796537,numeric,model_factors
WW.FCI  sensi multiplier[SludgeToHTL]:CHC.progress ratios commercial[Thermochem],0.07645107146197304,0.06759885329577375,0.008852218166199285,0.008852218166199285,interaction,dynamic_discovery
"OHC.PY sensi multiplier[HEFABrownfield]:OHC.Policy Duration[Price,HEFABrownfield]",0.07618752271399992,0.06759885329577375,0.00858866941822617,0.00858866941822617,interaction,dynamic_discovery
inverse_WW.Mature Industry Rate of Return as PCT[SludgeToHTL],0.07591864268338606,0.06759885329577375,0.008319789387612311,0.008319789387612311,transformation,dynamic_discovery
OHC.PY sensi multiplier[HEFABrownfield]:OHC.ORNOOC sensi multiplier[HEFA],0.07591761872174567,0.06759885329577375,0.008318765425971916,0.008318765425971916,interaction,dynamic_discovery
SE.PY sensi multiplier[Jet]:SE.FCI  sensi multiplier[Jet],0.0758453638947409,0.06759885329577375,0.008246510598967152,0.008246510598967152,interaction,dynamic_discovery
"WW.progress ratios commercial[SludgeToHTL]:WW.Policy Duration[Price,SludgeToHTL]",0.0756928241857926,0.06759885329577375,0.008093970890018842,0.008093970890018842,interaction,dynamic_discovery
SE.ORNOOC sensi multiplier[Jet]:SE.progress ratios commercial[Jet],0.07560328078115572,0.06759885329577375,0.008004427485381965,0.008004427485381965,interaction,dynamic_discovery
SE.Max Jet Investment Hit Rate:WW.PY sensi multiplier[SludgeToHTL],0.07543565772853258,0.06759885329577375,0.007836804432758832,0.007836804432758832,interaction,dynamic_discovery
OHC.PY sensi multiplier[HEFA]:WW.ORNOOC sensi multiplier[SludgeToHTL],0.07506905494494677,0.06759885329577375,0.007470201649173017,0.007470201649173017,interaction,dynamic_discovery
OHC.PY sensi multiplier[HEFA]:WW.FCI  sensi multiplier[SludgeToHTL],0.07499973433445543,0.06759885329577375,0.007400881038681681,0.007400881038681681,interaction,dynamic_discovery
SE.PY sensi multiplier[Jet]:CHC.PY sensi multiplier[Thermochem],0.07490827675096498,0.06759885329577375,0.007309423455191227,0.007309423455191227,interaction,dynamic_discovery
inverse_CHC.Mature Industry Rate of Return as PCT[Brownfield],0.07488827073011566,0.06759885329577375,0.007289417434341902,0.007289417434341902,transformation,dynamic_discovery
SE.FCI  sensi multiplier[Jet]:SE.progress ratios commercial[Jet],0.07482381408463164,0.06759885329577375,0.007224960788857884,0.007224960788857884,interaction,dynamic_discovery
log1p_OHC.Mature Industry Rate of Return as PCT[HEFA],0.07479166724469849,0.06759885329577375,0.007192813948924737,0.007192813948924737,transformation,dynamic_discovery
AHC.PY sensi multiplier[HEFA]:AHC.FCI  sensi multiplier[HEFA],0.07478253692759018,0.06759885329577375,0.007183683631816429,0.007183683631816429,interaction,dynamic_discovery
WW.progress ratios commercial[SludgeToHTL]:WW.initial indices of Commercial Maturity[SludgeToHTL],0.07475046948434037,0.06759885329577375,0.00715161618856662,0.00715161618856662,interaction,dynamic_discovery
"WW.Policy Duration[Price,SludgeToHTL]",0.07464292077928744,0.06759885329577375,0.0070440674835136885,0.0070440674835136885,numeric,model_factors
OHC.PY sensi multiplier[HEFABrownfield]:OHC.FCI  sensi multiplier[HEFA],0.07447884989482086,0.06759885329577375,0.006879996599047103,0.006879996599047103,interaction,dynamic_discovery
WW.Mature Industry Rate of Return as PCT[SludgeToHTL]:CHC.progress ratios commercial[Thermochem],0.07443090534588481,0.06759885329577375,0.006832052050111059,0.006832052050111059,interaction,dynamic_discovery
AHC.PY sensi multiplier[HTL]:CHC.ORNOOC sensi multiplier[Thermochem],0.07439829393484547,0.06759885329577375,0.006799440639071716,0.006799440639071716,interaction,dynamic_discovery
AHC.PY sensi multiplier[HTL]:AHC.FCI  sensi multiplier[HTL],0.07439035814571918,0.06759885329577375,0.006791504849945423,0.006791504849945423,interaction,dynamic_discovery
WW.ORNOOC sensi multiplier[SludgeToHTL]:WW.FCI  sensi multiplier[SludgeToHTL],0.07429502035325657,0.06759885329577375,0.006696167057482813,0.006696167057482813,interaction,dynamic_discovery
"OHC.Policy Duration[Price,HEFABrownfield]",0.07408608058802885,0.06759885329577375,0.006487227292255093,0.006487227292255093,numeric,model_factors
OHC.PY sensi multiplier[HEFABrownfield]:WW.Mature Industry Rate of Return as PCT[SludgeToHTL],0.07403277534620725,0.06759885329577375,0.006433922050433499,0.006433922050433499,interaction,dynamic_discovery
WW.PY sensi multiplier[SludgeToHTL]:SE.PY sensi multiplier[Jet],0.07394409923648254,0.06759885329577375,0.006345245940708788,0.006345245940708788,interaction,dynamic_discovery
SE.PY sensi multiplier[Jet]:SE.Mature Industry Rate of Return as PCT[Jet],0.07394139259755465,0.06759885329577375,0.0063425393017809,0.0063425393017809,interaction,dynamic_discovery
CHC.Mature Industry Rate of Return as PCT[Thermochem]:CHC.PY sensi multiplier[Brownfield],0.07387687781531252,0.06759885329577375,0.006278024519538766,0.006278024519538766,interaction,dynamic_discovery
inverse_SE.Max Jet Investment Hit Rate,0.0738049516874021,0.06759885329577375,0.006206098391628348,0.006206098391628348,transformation,dynamic_discovery
"WW.progress ratios commercial[SludgeToHTL]:OHC.Policy Duration[Price,HEFA]",0.07375938855463492,0.06759885329577375,0.006160535258861163,0.006160535258861163,interaction,dynamic_discovery
OHC.progress ratios commercial[HEFA]:OHC.Mature Industry Rate of Return as PCT[HEFA],0.07361876199152968,0.06759885329577375,0.0060199086957559295,0.0060199086957559295,interaction,dynamic_discovery
OHC.PY sensi multiplier[HEFA]:OHC.Debt Interest Rate as pct[HEFA],0.07344085328521947,0.06759885329577375,0.00584199998944572,0.00584199998944572,interaction,dynamic_discovery
inverse_WW.FCI  sensi multiplier[SludgeToHTL],0.07323636831853841,0.06759885329577375,0.005637515022764661,0.005637515022764661,transformation,dynamic_discovery
AHC.ORNOOC sensi multiplier[HTL],0.0732286350940291,0.06759885329577375,0.005629781798255351,0.005629781798255351,numeric,model_factors
OHC.Debt Interest Rate as pct[HEFA],0.07313269140694159,0.06759885329577375,0.005533838111167838,0.005533838111167838,numeric,model_factors
OHC.PY sensi multiplier[HEFA]:SE.FCI  sensi multiplier[Jet],0.07311937579554836,0.06759885329577375,0.0055205224997746105,0.0055205224997746105,interaction,dynamic_discovery
WW.Mature Industry Rate of Return as PCT[SludgeToHTL]:CHC.FCI  sensi multiplier[Thermochem],0.07309631081810614,0.06759885329577375,0.005497457522332383,0.005497457522332383,interaction,dynamic_discovery
OHC.PY sensi multiplier[HEFABrownfield]:WW.ORNOOC sensi multiplier[SludgeToHTL],0.07307202804628758,0.06759885329577375,0.005473174750513829,0.005473174750513829,interaction,dynamic_discovery
CHC.Mature Industry Rate of Return as PCT[Biochem]_squared,0.07306154288419055,0.06759885329577375,0.005462689588416794,0.005462689588416794,transformation,dynamic_discovery
SE.Mature Industry Rate of Return as PCT[Jet]:SE.FCI  sensi multiplier[Jet],0.07304196915113259,0.06759885329577375,0.005443115855358838,0.005443115855358838,interaction,dynamic_discovery
AHC.Mature Industry Rate of Return as PCT[HEFA],0.0730235812126531,0.06759885329577375,0.0054247279168793405,0.0054247279168793405,numeric,model_factors
"OHC.PY sensi multiplier[HEFABrownfield]:OHC.Policy Duration[Price,HEFA]",0.07301430459093568,0.06759885329577375,0.005415451295161924,0.005415451295161924,interaction,dynamic_discovery
AHC.PY sensi multiplier[HTL]:AHC.Mature Industry Rate of Return as PCT[HTL],0.07296251804658946,0.06759885329577375,0.005363664750815705,0.005363664750815705,interaction,dynamic_discovery
WW.Mature Industry Rate of Return as PCT[ManureToHTL]:WW.progress ratios commercial[ManureToHTL],0.07293155667191822,0.06759885329577375,0.005332703376144471,0.005332703376144471,interaction,dynamic_discovery
WW.FCI  sensi multiplier[ManureToHTL]:WW.ORNOOC sensi multiplier[ManureToHTL],0.07285750287883257,0.06759885329577375,0.005258649583058814,0.005258649583058814,interaction,dynamic_discovery
OHC.ORNOOC sensi multiplier[HEFA]:OHC.FCI  sensi multiplier[HEFA],0.07277488210393498,0.06759885329577375,0.0051760288081612316,0.0051760288081612316,interaction,dynamic_discovery
OHC.PY sensi multiplier[HEFABrownfield]:OHC.Mature Industry Rate of Return as PCT[HEFA],0.0727329176199988,0.06759885329577375,0.005134064324225043,0.005134064324225043,interaction,dynamic_discovery
CHC.Mature Industry Rate of Return as PCT[Biochem]:CHC.initial indices of Commercial Maturity[Biochem],0.07271247914484202,0.06759885329577375,0.005113625849068271,0.005113625849068271,interaction,dynamic_discovery
"SE.Policy Duration[Price,Jet]_squared",0.07270293723468119,0.06759885329577375,0.005104083938907433,0.005104083938907433,transformation,dynamic_discovery
OHC.PY sensi multiplier[HEFA]:CHC.initial indices of Commercial Maturity[Thermochem],0.07267163744740761,0.06759885329577375,0.005072784151633855,0.005072784151633855,interaction,dynamic_discovery
CHC.FCI  sensi multiplier[Thermochem]:WW.FCI  sensi multiplier[SludgeToHTL],0.0726478231013754,0.06759885329577375,0.005048969805601641,0.005048969805601641,interaction,dynamic_discovery
AHC.PY sensi multiplier[HEFA]:AHC.Mature Industry Rate of Return as PCT[HEFA],0.0726279018486039,0.06759885329577375,0.005029048552830151,0.005029048552830151,interaction,dynamic_discovery
SE.PY sensi multiplier[Jet]:WW.PY sensi multiplier[ManureToHTL],0.07260017500545357,0.06759885329577375,0.005001321709679818,0.005001321709679818,interaction,dynamic_discovery
WW.PY sensi multiplier[SludgeToHTL]:WW.PY sensi multiplier[ManureToHTL],0.07253865542685364,0.06759885329577375,0.00493980213107989,0.00493980213107989,interaction,dynamic_discovery
AHC.PY sensi multiplier[HTL]:OHC.progress ratios commercial[HEFA],0.07251096295372278,0.06759885329577375,0.004912109657949026,0.004912109657949026,interaction,dynamic_discovery
AHC.Mature Industry Rate of Return as PCT[HTL]:AHC.FCI  sensi multiplier[HTL],0.07248495386514724,0.06759885329577375,0.004886100569373483,0.004886100569373483,interaction,dynamic_discovery
"WW.PY sensi multiplier[ManureToHTL]:WW.Policy Duration[Price,ManureToHTL]",0.0724769299849572,0.06759885329577375,0.0048780766891834415,0.0048780766891834415,interaction,dynamic_discovery
WW.ORNOOC sensi multiplier[SludgeToHTL]:CHC.FCI  sensi multiplier[Thermochem],0.0724674526820884,0.06759885329577375,0.004868599386314648,0.004868599386314648,interaction,dynamic_discovery
OHC.PY sensi multiplier[HEFA]:SE.PY sensi multiplier[Jet],0.07239696249024391,0.06759885329577375,0.004798109194470157,0.004798109194470157,interaction,dynamic_discovery
CHC.PY sensi multiplier[Thermochem]:SE.ORNOOC sensi multiplier[Jet],0.07239078544676816,0.06759885329577375,0.00479193215099441,0.00479193215099441,interaction,dynamic_discovery
SE.Max Jet Investment Hit Rate:CHC.progress ratios commercial[Thermochem],0.07237204488055975,0.06759885329577375,0.0047731915847859935,0.0047731915847859935,interaction,dynamic_discovery
OHC.Retirement Frac[TransEster]:OHC.progress ratios commercial[HEFA],0.07235055505514144,0.06759885329577375,0.004751701759367691,0.004751701759367691,interaction,dynamic_discovery
WW.Mature Industry Rate of Return as PCT[SludgeToHTL]:CHC.Mature Industry Rate of Return as PCT[Thermochem],0.07232238991667314,0.06759885329577375,0.004723536620899388,0.004723536620899388,interaction,dynamic_discovery
OHC.Retirement Frac[TransEster]:CHC.PY sensi multiplier[Thermochem],0.07230957939426982,0.06759885329577375,0.004710726098496071,0.004710726098496071,interaction,dynamic_discovery
OHC.PY sensi multiplier[HEFABrownfield]:SE.PY sensi multiplier[Jet],0.07216490440070207,0.06759885329577375,0.0045660511049283176,0.0045660511049283176,interaction,dynamic_discovery
WW.PY sensi multiplier[SludgeToHTL]:CHC.PY sensi multiplier[Brownfield],0.0721625089551818,0.06759885329577375,0.004563655659408042,0.004563655659408042,interaction,dynamic_discovery
inverse_WW.ORNOOC sensi multiplier[SludgeToHTL],0.07216108744141103,0.06759885329577375,0.004562234145637278,0.004562234145637278,transformation,dynamic_discovery
CHC.PY sensi multiplier[Thermochem]:WW.PY sensi multiplier[ManureToHTL],0.07207745949088849,0.06759885329577375,0.00447860619511474,0.00447860619511474,interaction,dynamic_discovery
SE.Mature Industry Rate of Return as PCT[Jet]:SE.progress ratios commercial[Jet],0.07196652402553566,0.06759885329577375,0.004367670729761908,0.004367670729761908,interaction,dynamic_discovery
WW.Mature Industry Rate of Return as PCT[SludgeToHTL]:OHC.progress ratios commercial[HEFA],0.07174902193606528,0.06759885329577375,0.004150168640291524,0.004150168640291524,interaction,dynamic_discovery
WW.PY sensi multiplier[SludgeToHTL]:AHC.initial indices of Commercial Maturity[HTL],0.07171934303484387,0.06759885329577375,0.004120489739070116,0.004120489739070116,interaction,dynamic_discovery
OHC.PY sensi multiplier[HEFA]:SE.ORNOOC sensi multiplier[Jet],0.07170969342956209,0.06759885329577375,0.004110840133788332,0.004110840133788332,interaction,dynamic_discovery
AHC.Mature Industry Rate of Return as PCT[HEFA]:AHC.FCI  sensi multiplier[HEFA],0.07169733779103749,0.06759885329577375,0.004098484495263732,0.004098484495263732,interaction,dynamic_discovery
AHC.Mature Industry Rate of Return as PCT[HEFA]:OHC.progress ratios commercial[HEFA],0.07167977069775139,0.06759885329577375,0.004080917401977635,0.004080917401977635,interaction,dynamic_discovery
OHC.Mature Industry Rate of Return as PCT[HEFA]:OHC.FCI  sensi multiplier[HEFA],0.07164717898984015,0.06759885329577375,0.004048325694066393,0.004048325694066393,interaction,dynamic_discovery
AHC.PY sensi multiplier[HTL]:AHC.ORNOOC sensi multiplier[HTL],0.07159480725428763,0.06759885329577375,0.003995953958513876,0.003995953958513876,interaction,dynamic_discovery
WW.Mature Industry Rate of Return as PCT[ManureToHTL]:WW.ORNOOC sensi multiplier[ManureToHTL],0.07158582640893534,0.06759885329577375,0.003986973113161582,0.003986973113161582,interaction,dynamic_discovery
SE.ORNOOC sensi multiplier[Jet]:WW.FCI  sensi multiplier[ManureToHTL],0.07148957697067097,0.06759885329577375,0.00389072367489722,0.00389072367489722,interaction,dynamic_discovery
"OHC.Policy Duration[Price,TransEster]",0.07148832786699956,0.06759885329577375,0.0038894745712258066,0.0038894745712258066,numeric,model_factors
WW.PY sensi multiplier[SludgeToHTL]:CHC.initial indices of Commercial Maturity[Thermochem],0.07145715091026916,0.06759885329577375,0.0038582976144954095,0.0038582976144954095,interaction,dynamic_discovery
CHC.progress ratios commercial[Thermochem]:CHC.Debt Interest Rate as pct[Thermochem],0.07136926004196531,0.06759885329577375,0.003770406746191557,0.003770406746191557,interaction,dynamic_discovery
WW.Mature Industry Rate of Return as PCT[ManureToHTL]_squared,0.07125320818150685,0.06759885329577375,0.0036543548857330965,0.0036543548857330965,transformation,dynamic_discovery
CHC.initial indices of Commercial Maturity[Biochem]:CHC.FCI  sensi multiplier[Biochem],0.07125056796643829,0.06759885329577375,0.003651714670664538,0.003651714670664538,interaction,dynamic_discovery
OHC.PY sensi multiplier[HEFABrownfield]:CHC.PY sensi multiplier[Brownfield],0.07124698880955395,0.06759885329577375,0.0036481355137801957,0.0036481355137801957,interaction,dynamic_discovery
OHC.PY sensi multiplier[HEFA]:WW.ORNOOC sensi multiplier[ManureToHTL],0.07124443830138048,0.06759885329577375,0.00364558500560673,0.00364558500560673,interaction,dynamic_discovery
CHC.PY sensi multiplier[Thermochem]:WW.ORNOOC sensi multiplier[ManureToHTL],0.07116181237695825,0.06759885329577375,0.003562959081184494,0.003562959081184494,interaction,dynamic_discovery
WW.progress ratios commercial[SludgeToHTL]:CHC.initial indices of Commercial Maturity[Thermochem],0.07114722851058276,0.06759885329577375,0.0035483752148090103,0.0035483752148090103,interaction,dynamic_discovery
SE.PY sensi multiplier[Jet]:CHC.PY sensi multiplier[Brownfield],0.07114563790469468,0.06759885329577375,0.003546784608920925,0.003546784608920925,interaction,dynamic_discovery
CHC.initial indices of Commercial Maturity[Thermochem]_squared,0.07113961512613665,0.06759885329577375,0.003540761830362893,0.003540761830362893,transformation,dynamic_discovery
CHC.initial indices of Commercial Maturity[Biochem]:CHC.PY sensi multiplier[Biochem],0.07112999126177565,0.06759885329577375,0.0035311379660018932,0.0035311379660018932,interaction,dynamic_discovery
WW.PY sensi multiplier[SludgeToHTL]:AHC.FCI  sensi multiplier[HTL],0.0711016781250207,0.06759885329577375,0.0035028248292469505,0.0035028248292469505,interaction,dynamic_discovery
"WW.PY sensi multiplier[ManureToHTL]:WW.Policy Duration[Price,SludgeToHTL]",0.07102838166262378,0.06759885329577375,0.0034295283668500237,0.0034295283668500237,interaction,dynamic_discovery
WW.PY sensi multiplier[SludgeToHTL]:CHC.ORNOOC sensi multiplier[Thermochem],0.07098584190734555,0.06759885329577375,0.0033869886115718006,0.0033869886115718006,interaction,dynamic_discovery
CHC.initial indices of Commercial Maturity[Brownfield]:CHC.FCI  sensi multiplier[Thermochem],0.07094192264860066,0.06759885329577375,0.0033430693528269106,0.0033430693528269106,interaction,dynamic_discovery
CHC.Mature Industry Rate of Return as PCT[Thermochem]:CHC.ORNOOC sensi multiplier[Thermochem],0.07091808192207952,0.06759885329577375,0.0033192286263057647,0.0033192286263057647,interaction,dynamic_discovery
WW.PY sensi multiplier[ManureToHTL]:WW.initial indices of Commercial Maturity[ManureToHTL],0.07080199189795734,0.06759885329577375,0.003203138602183589,0.003203138602183589,interaction,dynamic_discovery
OHC.PY sensi multiplier[HEFABrownfield]:SE.ORNOOC sensi multiplier[Jet],0.07074147702500913,0.06759885329577375,0.0031426237292353776,0.0031426237292353776,interaction,dynamic_discovery
WW.progress ratios commercial[SludgeToHTL]:SE.Mature Industry Rate of Return as PCT[Jet],0.07067801623035619,0.06759885329577375,0.0030791629345824356,0.0030791629345824356,interaction,dynamic_discovery
inverse_AHC.FCI  sensi multiplier[HTL],0.07066551659218887,0.06759885329577375,0.003066663296415112,0.003066663296415112,transformation,dynamic_discovery
SE.PY sensi multiplier[Jet]:WW.FCI  sensi multiplier[ManureToHTL],0.0706543314610267,0.06759885329577375,0.0030554781652529506,0.0030554781652529506,interaction,dynamic_discovery
SE.Max Jet Investment Hit Rate:OHC.progress ratios commercial[HEFA],0.07061482911545128,0.06759885329577375,0.0030159758196775244,0.0030159758196775244,interaction,dynamic_discovery
OHC.Mature Industry Rate of Return as PCT[HEFABrownfield],0.07058110483861615,0.06759885329577375,0.0029822515428424012,0.0029822515428424012,numeric,model_factors
WW.Mature Industry Rate of Return as PCT[SludgeToHTL]:CHC.progress ratios commercial[Brownfield],0.07056107064461575,0.06759885329577375,0.002962217348842,0.002962217348842,interaction,dynamic_discovery
AHC.Debt Interest Rate as pct[HEFA],0.07052809683914149,0.06759885329577375,0.0029292435433677377,0.0029292435433677377,numeric,model_factors
CHC.FCI  sensi multiplier[Thermochem]:CHC.Debt Interest Rate as pct[Thermochem],0.07050145333456014,0.06759885329577375,0.002902600038786382,0.002902600038786382,interaction,dynamic_discovery
inverse_WW.ORNOOC sensi multiplier[ManureToHTL],0.07047128672128997,0.06759885329577375,0.002872433425516213,0.002872433425516213,transformation,dynamic_discovery
CHC.Mature Industry Rate of Return as PCT[Thermochem]:CHC.FCI  sensi multiplier[Brownfield],0.07043670937542205,0.06759885329577375,0.0028378560796483016,0.0028378560796483016,interaction,dynamic_discovery
CHC.Mature Industry Rate of Return as PCT[Thermochem]:CHC.Mature Industry Rate of Return as PCT[Brownfield],0.07043574279175917,0.06759885329577375,0.0028368894959854146,0.0028368894959854146,interaction,dynamic_discovery
AHC.PY sensi multiplier[HTL]:WW.FCI  sensi multiplier[SludgeToHTL],0.07043241817831858,0.06759885329577375,0.0028335648825448256,0.0028335648825448256,interaction,dynamic_discovery
WW.Mature Industry Rate of Return as PCT[ManureToHTL]:WW.initial indices of Commercial Maturity[ManureToHTL],0.0704154065021738,0.06759885329577375,0.0028165532064000492,0.0028165532064000492,interaction,dynamic_discovery
CHC.Mature Industry Rate of Return as PCT[Thermochem]:WW.ORNOOC sensi multiplier[SludgeToHTL],0.07041336341782686,0.06759885329577375,0.00281451012205311,0.00281451012205311,interaction,dynamic_discovery
CHC.initial indices of Commercial Maturity[Brownfield]:CHC.Mature Industry Rate of Return as PCT[Thermochem],0.07039036129481785,0.06759885329577375,0.002791507999044096,0.002791507999044096,interaction,dynamic_discovery
OHC.PY sensi multiplier[HEFABrownfield]:SE.FCI  sensi multiplier[Jet],0.07037668889343358,0.06759885329577375,0.0027778355976598307,0.0027778355976598307,interaction,dynamic_discovery
WW.ORNOOC sensi multiplier[SludgeToHTL]:SE.ORNOOC sensi multiplier[Jet],0.07035439396720607,0.06759885329577375,0.0027555406714323133,0.0027555406714323133,interaction,dynamic_discovery
AHC.initial indices of Commercial Maturity[HTL]:WW.initial indices of Commercial Maturity[SludgeToHTL],0.07035341090521312,0.06759885329577375,0.002754557609439365,0.002754557609439365,interaction,dynamic_discovery
SE.ORNOOC sensi multiplier[Jet]:WW.FCI  sensi multiplier[SludgeToHTL],0.07035064206322805,0.06759885329577375,0.0027517887674542996,0.0027517887674542996,interaction,dynamic_discovery
SE.PY sensi multiplier[Jet]:WW.ORNOOC sensi multiplier[SludgeToHTL],0.07031698862177976,0.06759885329577375,0.0027181353260060104,0.0027181353260060104,interaction,dynamic_discovery
SE.PY sensi multiplier[Jet]:CHC.FCI  sensi multiplier[Thermochem],0.07031190138985581,0.06759885329577375,0.0027130480940820573,0.0027130480940820573,interaction,dynamic_discovery
WW.PY sensi multiplier[SludgeToHTL]:AHC.Mature Industry Rate of Return as PCT[HTL],0.07028890188166842,0.06759885329577375,0.0026900485858946666,0.0026900485858946666,interaction,dynamic_discovery
OHC.Retirement Frac[TransEster]:WW.progress ratios commercial[SludgeToHTL],0.07026834431513614,0.06759885329577375,0.0026694910193623828,0.0026694910193623828,interaction,dynamic_discovery
OHC.Retirement Frac[TransEster]:WW.PY sensi multiplier[SludgeToHTL],0.07026623037536942,0.06759885329577375,0.002667377079595662,0.002667377079595662,interaction,dynamic_discovery
AHC.PY sensi multiplier[HTL]:SE.PY sensi multiplier[Jet],0.0702632975891728,0.06759885329577375,0.002664444293399043,0.002664444293399043,interaction,dynamic_discovery
OHC.PY sensi multiplier[HEFABrownfield]:CHC.initial indices of Commercial Maturity[Thermochem],0.07026106452195809,0.06759885329577375,0.002662211226184333,0.002662211226184333,interaction,dynamic_discovery
SE.PY sensi multiplier[Jet]:WW.ORNOOC sensi multiplier[ManureToHTL],0.07024860476034378,0.06759885329577375,0.002649751464570027,0.002649751464570027,interaction,dynamic_discovery
SE.Mature Industry Rate of Return as PCT[Jet]:CHC.progress ratios commercial[Thermochem],0.07023913041652809,0.06759885329577375,0.0026402771207543335,0.0026402771207543335,interaction,dynamic_discovery
SE.Max Jet Investment Hit Rate:CHC.FCI  sensi multiplier[Thermochem],0.07022672892452322,0.06759885329577375,0.002627875628749471,0.002627875628749471,interaction,dynamic_discovery
AHC.PY sensi multiplier[HTL]:WW.Mature Industry Rate of Return as PCT[SludgeToHTL],0.0702228651586102,0.06759885329577375,0.0026240118628364506,0.0026240118628364506,interaction,dynamic_discovery
AHC.PY sensi multiplier[HTL]:CHC.FCI  sensi multiplier[Thermochem],0.07017149759836987,0.06759885329577375,0.0025726443025961138,0.0025726443025961138,interaction,dynamic_discovery
CHC.Mature Industry Rate of Return as PCT[Thermochem]:WW.FCI  sensi multiplier[SludgeToHTL],0.0701664888522145,0.06759885329577375,0.0025676355564407533,0.0025676355564407533,interaction,dynamic_discovery
OHC.PY sensi multiplier[HEFA]:AHC.PY sensi multiplier[HTL],0.07016631728644954,0.06759885329577375,0.0025674639906757835,0.0025674639906757835,interaction,dynamic_discovery
inverse_AHC.FCI  sensi multiplier[HEFA],0.07016448164239457,0.06759885329577375,0.0025656283466208157,0.0025656283466208157,transformation,dynamic_discovery
AHC.PY sensi multiplier[HTL]:CHC.PY sensi multiplier[Thermochem],0.07015642404659331,0.06759885329577375,0.0025575707508195544,0.0025575707508195544,interaction,dynamic_discovery
OHC.FCI  sensi multiplier[HEFA]:OHC.Mature Industry Rate of Return as PCT[HEFABrownfield],0.07010846240557303,0.06759885329577375,0.0025096091097992768,0.0025096091097992768,interaction,dynamic_discovery
WW.PY sensi multiplier[SludgeToHTL]:CHC.FCI  sensi multiplier[Brownfield],0.07009340431222902,0.06759885329577375,0.0024945510164552653,0.0024945510164552653,interaction,dynamic_discovery
SE.Max Jet Investment Hit Rate:CHC.Mature Industry Rate of Return as PCT[Thermochem],0.07005543727940922,0.06759885329577375,0.002456583983635463,0.002456583983635463,interaction,dynamic_discovery
OHC.PY sensi multiplier[HEFABrownfield]:WW.PY sensi multiplier[ManureToHTL],0.07002688280345205,0.06759885329577375,0.0024280295076783004,0.0024280295076783004,interaction,dynamic_discovery
AHC.PY sensi multiplier[HTL]:WW.ORNOOC sensi multiplier[SludgeToHTL],0.07002400761481391,0.06759885329577375,0.002425154319040154,0.002425154319040154,interaction,dynamic_discovery
"CHC.Policy Duration[Price,Thermochem]",0.0699641328718716,0.06759885329577375,0.002365279576097848,0.002365279576097848,numeric,model_factors
SE.Max Jet Investment Hit Rate:WW.progress ratios commercial[ManureToHTL],0.06994534300014198,0.06759885329577375,0.0023464897043682237,0.0023464897043682237,interaction,dynamic_discovery
CHC.Debt Interest Rate as pct[Biochem],0.06991968697187467,0.06759885329577375,0.0023208336761009196,0.0023208336761009196,numeric,model_factors
WW.ORNOOC sensi multiplier[SludgeToHTL]:AHC.FCI  sensi multiplier[HTL],0.06990217005958056,0.06759885329577375,0.002303316763806809,0.002303316763806809,interaction,dynamic_discovery
AHC.FCI  sensi multiplier[HEFA]:AHC.Debt Interest Rate as pct[HEFA],0.06985926870818772,0.06759885329577375,0.002260415412413966,0.002260415412413966,interaction,dynamic_discovery
AHC.PY sensi multiplier[HTL]:SE.ORNOOC sensi multiplier[Jet],0.06984191796415262,0.06759885329577375,0.002243064668378869,0.002243064668378869,interaction,dynamic_discovery
"SE.PY sensi multiplier[Jet]:SE.Policy Duration[Price,Jet]",0.06977262187642863,0.06759885329577375,0.002173768580654878,0.002173768580654878,interaction,dynamic_discovery
CHC.initial indices of Commercial Maturity[Biochem],0.06974603539306444,0.06759885329577375,0.002147182097290687,0.002147182097290687,numeric,model_factors
SE.FCI  sensi multiplier[Jet]:WW.ORNOOC sensi multiplier[ManureToHTL],0.06974008944309848,0.06759885329577375,0.0021412361473247266,0.0021412361473247266,interaction,dynamic_discovery
SE.PY sensi multiplier[Jet]:SE.initial indices of Commercial Maturity[Jet],0.06973057275851383,0.06759885329577375,0.0021317194627400726,0.0021317194627400726,interaction,dynamic_discovery
WW.ORNOOC sensi multiplier[SludgeToHTL]:WW.FCI  sensi multiplier[ManureToHTL],0.069709984497246,0.06759885329577375,0.002111131201472244,0.002111131201472244,interaction,dynamic_discovery
WW.PY sensi multiplier[ManureToHTL]:WW.ORNOOC sensi multiplier[SludgeToHTL],0.06970802593048478,0.06759885329577375,0.0021091726347110262,0.0021091726347110262,interaction,dynamic_discovery
OHC.Retirement Frac[TransEster]:SE.Max Jet Investment Hit Rate,0.06970496385846797,0.06759885329577375,0.002106110562694219,0.002106110562694219,interaction,dynamic_discovery
SE.Mature Industry Rate of Return as PCT[Jet]:SE.initial indices of Commercial Maturity[Jet],0.06969121507486842,0.06759885329577375,0.0020923617790946647,0.0020923617790946647,interaction,dynamic_discovery
SE.ORNOOC sensi multiplier[Jet]:SE.FCI  sensi multiplier[Jet],0.06968732110810034,0.06759885329577375,0.0020884678123265915,0.0020884678123265915,interaction,dynamic_discovery
WW.PY sensi multiplier[SludgeToHTL]:WW.initial indices of Commercial Maturity[SludgeToHTL],0.06965946547876857,0.06759885329577375,0.002060612182994817,0.002060612182994817,interaction,dynamic_discovery
"SE.Max Jet Investment Hit Rate:SE.Policy Duration[Price,Jet]",0.06965246284991912,0.06759885329577375,0.0020536095541453664,0.0020536095541453664,interaction,dynamic_discovery
WW.PY sensi multiplier[SludgeToHTL]:CHC.Mature Industry Rate of Return as PCT[Brownfield],0.06960304584479207,0.06759885329577375,0.0020041925490183188,0.0020041925490183188,interaction,dynamic_discovery
WW.ORNOOC sensi multiplier[SludgeToHTL]:SE.FCI  sensi multiplier[Jet],0.06960156929159866,0.06759885329577375,0.0020027159958249108,0.0020027159958249108,interaction,dynamic_discovery
CHC.PY sensi multiplier[Thermochem]:SE.FCI  sensi multiplier[Jet],0.06958576240239672,0.06759885329577375,0.0019869091066229694,0.0019869091066229694,interaction,dynamic_discovery
WW.Mature Industry Rate of Return as PCT[SludgeToHTL]:AHC.initial indices of Commercial Maturity[HTL],0.0694932040026466,0.06759885329577375,0.001894350706872841,0.001894350706872841,interaction,dynamic_discovery
WW.Mature Industry Rate of Return as PCT[ManureToHTL]:CHC.PY sensi multiplier[Brownfield],0.06947204420762201,0.06759885329577375,0.0018731909118482604,0.0018731909118482604,interaction,dynamic_discovery
WW.PY sensi multiplier[ManureToHTL]:SE.ORNOOC sensi multiplier[Jet],0.06941845684087933,0.06759885329577375,0.0018196035451055748,0.0018196035451055748,interaction,dynamic_discovery
inverse_OHC.ORNOOC sensi multiplier[HEFABrownfield],0.06939626916147261,0.06759885329577375,0.0017974158656988565,0.0017974158656988565,transformation,dynamic_discovery
CHC.Mature Industry Rate of Return as PCT[Thermochem]:CHC.Debt Interest Rate as pct[Thermochem],0.06939019167297932,0.06759885329577375,0.0017913383772055619,0.0017913383772055619,interaction,dynamic_discovery
AHC.PY sensi multiplier[HEFA]:AHC.Debt Interest Rate as pct[HEFA],0.069381395280676,0.06759885329577375,0.0017825419849022417,0.0017825419849022417,interaction,dynamic_discovery
SE.Max Jet Investment Hit Rate:SE.ORNOOC sensi multiplier[Jet],0.06936306916499839,0.06759885329577375,0.0017642158692246362,0.0017642158692246362,interaction,dynamic_discovery
SE.FCI  sensi multiplier[Jet]:SE.initial indices of Commercial Maturity[Jet],0.06936148331735091,0.06759885329577375,0.0017626300215771579,0.0017626300215771579,interaction,dynamic_discovery
"SE.Mature Industry Rate of Return as PCT[Jet]:OHC.Policy Duration[Price,TransEster]",0.06935319794769691,0.06759885329577375,0.0017543446519231592,0.0017543446519231592,interaction,dynamic_discovery
"WW.PY sensi multiplier[ManureToHTL]:CHC.Policy Duration[Price,Thermochem]",0.06930357450703434,0.06759885329577375,0.0017047212112605847,0.0017047212112605847,interaction,dynamic_discovery
WW.initial indices of Commercial Maturity[ManureToHTL]:WW.FCI  sensi multiplier[ManureToHTL],0.06930277133567597,0.06759885329577375,0.0017039180399022191,0.0017039180399022191,interaction,dynamic_discovery
"OHC.PY sensi multiplier[HEFA]:WW.Policy Duration[Price,SludgeToHTL]",0.06928551425355182,0.06759885329577375,0.0016866609577780717,0.0016866609577780717,interaction,dynamic_discovery
OHC.Mature Industry Rate of Return as PCT[HEFA]:OHC.ORNOOC sensi multiplier[HEFA],0.06927041478587893,0.06759885329577375,0.0016715614901051806,0.0016715614901051806,interaction,dynamic_discovery
inverse_SE.FCI  sensi multiplier[Jet],0.06923210797562458,0.06759885329577375,0.001633254679850829,0.001633254679850829,transformation,dynamic_discovery
AHC.FCI  sensi multiplier[HTL]:AHC.Debt Interest Rate as pct[HTL],0.06919247461113537,0.06759885329577375,0.0015936213153616152,0.0015936213153616152,interaction,dynamic_discovery
CHC.initial indices of Commercial Maturity[Thermochem]:CHC.PY sensi multiplier[Brownfield],0.06915124233512199,0.06759885329577375,0.0015523890393482342,0.0015523890393482342,interaction,dynamic_discovery
WW.Mature Industry Rate of Return as PCT[SludgeToHTL]:CHC.initial indices of Commercial Maturity[Thermochem],0.06912063281170189,0.06759885329577375,0.0015217795159281344,0.0015217795159281344,interaction,dynamic_discovery
AHC.Debt Interest Rate as pct[HTL],0.06911919448554307,0.06759885329577375,0.0015203411897693198,0.0015203411897693198,numeric,model_factors
SE.Max Jet Investment Hit Rate:CHC.PY sensi multiplier[Brownfield],0.06910753687265464,0.06759885329577375,0.001508683576880887,0.001508683576880887,interaction,dynamic_discovery
WW.PY sensi multiplier[ManureToHTL]:SE.Mature Industry Rate of Return as PCT[Jet],0.06906780298329342,0.06759885329577375,0.0014689496875196634,0.0014689496875196634,interaction,dynamic_discovery
WW.PY sensi multiplier[ManureToHTL]:CHC.Mature Industry Rate of Return as PCT[Thermochem],0.06905792098589975,0.06759885329577375,0.0014590676901259925,0.0014590676901259925,interaction,dynamic_discovery
WW.Mature Industry Rate of Return as PCT[ManureToHTL]:WW.ORNOOC sensi multiplier[SludgeToHTL],0.06902922881612836,0.06759885329577375,0.0014303755203546042,0.0014303755203546042,interaction,dynamic_discovery
SE.Max Jet Investment Hit Rate:WW.ORNOOC sensi multiplier[SludgeToHTL],0.06902768115662651,0.06759885329577375,0.0014288278608527577,0.0014288278608527577,interaction,dynamic_discovery
OHC.PY sensi multiplier[HEFABrownfield]:CHC.Mature Industry Rate of Return as PCT[Brownfield],0.06902257736087324,0.06759885329577375,0.0014237240650994826,0.0014237240650994826,interaction,dynamic_discovery
SE.PY sensi multiplier[Jet]:WW.Mature Industry Rate of Return as PCT[ManureToHTL],0.0690185112114136,0.06759885329577375,0.0014196579156398464,0.0014196579156398464,interaction,dynamic_discovery
WW.Mature Industry Rate of Return as PCT[SludgeToHTL]:WW.initial indices of Commercial Maturity[SludgeToHTL],0.0689988906102545,0.06759885329577375,0.0014000373144807537,0.0014000373144807537,interaction,dynamic_discovery
WW.PY sensi multiplier[ManureToHTL]:WW.Mature Industry Rate of Return as PCT[SludgeToHTL],0.06897264175850218,0.06759885329577375,0.0013737884627284258,0.0013737884627284258,interaction,dynamic_discovery
"WW.Policy Duration[Price,ManureToHTL]_squared",0.06896292670000558,0.06759885329577375,0.001364073404231822,0.001364073404231822,transformation,dynamic_discovery
CHC.initial indices of Commercial Maturity[Thermochem]:WW.ORNOOC sensi multiplier[SludgeToHTL],0.0689588528085898,0.06759885329577375,0.0013599995128160403,0.0013599995128160403,interaction,dynamic_discovery
OHC.Retirement Frac[TransEster]:CHC.FCI  sensi multiplier[Thermochem],0.06895850602905162,0.06759885329577375,0.0013596527332778718,0.0013596527332778718,interaction,dynamic_discovery
WW.Mature Industry Rate of Return as PCT[SludgeToHTL]:AHC.Mature Industry Rate of Return as PCT[HTL],0.06890480790392856,0.06759885329577375,0.0013059546081548024,0.0013059546081548024,interaction,dynamic_discovery
CHC.Mature Industry Rate of Return as PCT[Biochem]:WW.FCI  sensi multiplier[ManureToHTL],0.06889844786363791,0.06759885329577375,0.0012995945678641596,0.0012995945678641596,interaction,dynamic_discovery
SE.Max Jet Investment Hit Rate:WW.FCI  sensi multiplier[SludgeToHTL],0.06886016066583427,0.06759885329577375,0.0012613073700605132,0.0012613073700605132,interaction,dynamic_discovery
AHC.PY sensi multiplier[HTL]:CHC.Mature Industry Rate of Return as PCT[Thermochem],0.06884406810179025,0.06759885329577375,0.001245214806016498,0.001245214806016498,interaction,dynamic_discovery
OHC.Retirement Frac[TransEster]:CHC.Mature Industry Rate of Return as PCT[Thermochem],0.06878809628698425,0.06759885329577375,0.0011892429912104957,0.0011892429912104957,interaction,dynamic_discovery
WW.PY sensi multiplier[SludgeToHTL]:WW.Mature Industry Rate of Return as PCT[ManureToHTL],0.06875515752532053,0.06759885329577375,0.0011563042295467812,0.0011563042295467812,interaction,dynamic_discovery
SE.Mature Industry Rate of Return as PCT[Jet]:SE.ORNOOC sensi multiplier[Jet],0.06873172306684296,0.06759885329577375,0.0011328697710692032,0.0011328697710692032,interaction,dynamic_discovery
OHC.Retirement Frac[TransEster]:WW.ORNOOC sensi multiplier[SludgeToHTL],0.06872342269628501,0.06759885329577375,0.001124569400511255,0.001124569400511255,interaction,dynamic_discovery
SE.PY sensi multiplier[Jet]:CHC.Mature Industry Rate of Return as PCT[Thermochem],0.06871979803691715,0.06759885329577375,0.0011209447411433954,0.0011209447411433954,interaction,dynamic_discovery
CHC.initial indices of Commercial Maturity[Thermochem]:CHC.Mature Industry Rate of Return as PCT[Brownfield],0.06869916941087473,0.06759885329577375,0.0011003161151009744,0.0011003161151009744,interaction,dynamic_discovery
WW.ORNOOC sensi multiplier[SludgeToHTL]:AHC.Mature Industry Rate of Return as PCT[HTL],0.06867297552969318,0.06759885329577375,0.0010741222339194223,0.0010741222339194223,interaction,dynamic_discovery
"WW.Mature Industry Rate of Return as PCT[ManureToHTL]:WW.Policy Duration[Price,ManureToHTL]",0.06866959393818967,0.06759885329577375,0.0010707406424159127,0.0010707406424159127,interaction,dynamic_discovery
SE.Debt Interest Rate as pct[Jet],0.0686454105288357,0.06759885329577375,0.0010465572330619483,0.0010465572330619483,numeric,model_factors
CHC.initial indices of Commercial Maturity[Thermochem]:CHC.ORNOOC sensi multiplier[Thermochem],0.06863576175865616,0.06759885329577375,0.0010369084628824021,0.0010369084628824021,interaction,dynamic_discovery
CHC.initial indices of Commercial Maturity[Brownfield]:CHC.initial indices of Commercial Maturity[Thermochem],0.06862575879180842,0.06759885329577375,0.0010269054960346663,0.0010269054960346663,interaction,dynamic_discovery
WW.Mature Industry Rate of Return as PCT[ManureToHTL]:SE.ORNOOC sensi multiplier[Jet],0.06862546063928683,0.06759885329577375,0.001026607343513078,0.001026607343513078,interaction,dynamic_discovery
SE.PY sensi multiplier[Jet]:WW.Mature Industry Rate of Return as PCT[SludgeToHTL],0.06862082188117169,0.06759885329577375,0.0010219685853979366,0.0010219685853979366,interaction,dynamic_discovery
WW.FCI  sensi multiplier[SludgeToHTL]:AHC.initial indices of Commercial Maturity[HTL],0.06860285857056814,0.06759885329577375,0.001004005274794384,0.001004005274794384,interaction,dynamic_discovery
CHC.PY sensi multiplier[Thermochem]:WW.Mature Industry Rate of Return as PCT[ManureToHTL],0.06859521820836945,0.06759885329577375,0.000996364912595693,0.000996364912595693,interaction,dynamic_discovery
WW.FCI  sensi multiplier[SludgeToHTL]:CHC.Debt Interest Rate as pct[Thermochem],0.06857954967585263,0.06759885329577375,0.0009806963800788743,0.0009806963800788743,interaction,dynamic_discovery
SE.Max Jet Investment Hit Rate:SE.Mature Industry Rate of Return as PCT[Jet],0.06856749545001836,0.06759885329577375,0.0009686421542446089,0.0009686421542446089,interaction,dynamic_discovery
WW.PY sensi multiplier[SludgeToHTL]:SE.Mature Industry Rate of Return as PCT[Jet],0.06856108139041242,0.06759885329577375,0.0009622280946386674,0.0009622280946386674,interaction,dynamic_discovery
"OHC.Retirement Frac[TransEster]:OHC.Policy Duration[Price,TransEster]",0.06853802292506407,0.06759885329577375,0.0009391696292903179,0.0009391696292903179,interaction,dynamic_discovery
CHC.Mature Industry Rate of Return as PCT[Thermochem]:SE.ORNOOC sensi multiplier[Jet],0.06853518916613321,0.06759885329577375,0.0009363358703594615,0.0009363358703594615,interaction,dynamic_discovery
SE.Mature Industry Rate of Return as PCT[Jet]:CHC.FCI  sensi multiplier[Thermochem],0.06852511071713001,0.06759885329577375,0.0009262574213562552,0.0009262574213562552,interaction,dynamic_discovery
CHC.PY sensi multiplier[Thermochem]:SE.Mature Industry Rate of Return as PCT[Jet],0.06849815796519333,0.06759885329577375,0.0008993046694195789,0.0008993046694195789,interaction,dynamic_discovery
OHC.PY sensi multiplier[HEFABrownfield]:SE.Mature Industry Rate of Return as PCT[Jet],0.06849572787494314,0.06759885329577375,0.000896874579169385,0.000896874579169385,interaction,dynamic_discovery
SE.Mature Industry Rate of Return as PCT[Jet]:WW.ORNOOC sensi multiplier[SludgeToHTL],0.06847538595293227,0.06759885329577375,0.0008765326571585214,0.0008765326571585214,interaction,dynamic_discovery
OHC.PY sensi multiplier[HEFA]:SE.Mature Industry Rate of Return as PCT[Jet],0.06846998947365615,0.06759885329577375,0.0008711361778823978,0.0008711361778823978,interaction,dynamic_discovery
WW.Mature Industry Rate of Return as PCT[SludgeToHTL]:CHC.PY sensi multiplier[Brownfield],0.06846712395663644,0.06759885329577375,0.0008682706608626883,0.0008682706608626883,interaction,dynamic_discovery
AHC.initial indices of Commercial Maturity[HTL]_squared,0.06846267189465069,0.06759885329577375,0.0008638185988769365,0.0008638185988769365,transformation,dynamic_discovery
OHC.PY sensi multiplier[HEFA]:WW.Mature Industry Rate of Return as PCT[ManureToHTL],0.06845976567331961,0.06759885329577375,0.000860912377545861,0.000860912377545861,interaction,dynamic_discovery
OHC.PY sensi multiplier[HEFA]:SE.initial indices of Commercial Maturity[Jet],0.06845228981451994,0.06759885329577375,0.000853436518746184,0.000853436518746184,interaction,dynamic_discovery
SE.Max Jet Investment Hit Rate:WW.PY sensi multiplier[ManureToHTL],0.06843999151150876,0.06759885329577375,0.0008411382157350045,0.0008411382157350045,interaction,dynamic_discovery
inverse_AHC.Mature Industry Rate of Return as PCT[HTL],0.0684388246206905,0.06759885329577375,0.0008399713249167412,0.0008399713249167412,transformation,dynamic_discovery
WW.initial indices of Commercial Maturity[SludgeToHTL]_squared,0.06843576045687819,0.06759885329577375,0.0008369071611044332,0.0008369071611044332,transformation,dynamic_discovery
WW.FCI  sensi multiplier[ManureToHTL]:SE.initial indices of Commercial Maturity[Jet],0.06841228654934878,0.06759885329577375,0.0008134332535750244,0.0008134332535750244,interaction,dynamic_discovery
WW.PY sensi multiplier[SludgeToHTL]:CHC.initial indices of Commercial Maturity[Brownfield],0.06838254006121702,0.06759885329577375,0.00078368676544327,0.00078368676544327,interaction,dynamic_discovery
AHC.Mature Industry Rate of Return as PCT[HEFA]:AHC.Debt Interest Rate as pct[HEFA],0.06837736996911362,0.06759885329577375,0.000778516673339863,0.000778516673339863,interaction,dynamic_discovery
SE.Mature Industry Rate of Return as PCT[Jet]:WW.FCI  sensi multiplier[SludgeToHTL],0.06837514596899592,0.06759885329577375,0.0007762926732221703,0.0007762926732221703,interaction,dynamic_discovery
WW.FCI  sensi multiplier[SludgeToHTL]:WW.initial indices of Commercial Maturity[SludgeToHTL],0.0683706659748408,0.06759885329577375,0.0007718126790670493,0.0007718126790670493,interaction,dynamic_discovery
OHC.PY sensi multiplier[HEFABrownfield]:CHC.initial indices of Commercial Maturity[Brownfield],0.06836868588666227,0.06759885329577375,0.0007698325908885167,0.0007698325908885167,interaction,dynamic_discovery
CHC.initial indices of Commercial Maturity[Thermochem]:WW.FCI  sensi multiplier[SludgeToHTL],0.06835774993905151,0.06759885329577375,0.0007588966432777594,0.0007588966432777594,interaction,dynamic_discovery
WW.Mature Industry Rate of Return as PCT[ManureToHTL]:SE.FCI  sensi multiplier[Jet],0.06831126264817575,0.06759885329577375,0.0007124093524019937,0.0007124093524019937,interaction,dynamic_discovery
WW.Mature Industry Rate of Return as PCT[SludgeToHTL]:WW.Debt Interest Rate as pct[SludgeToHTL],0.06830796386713667,0.06759885329577375,0.0007091105713629142,0.0007091105713629142,interaction,dynamic_discovery
CHC.Debt Interest Rate as pct[Biochem]_squared,0.06830684464631162,0.06759885329577375,0.0007079913505378677,0.0007079913505378677,transformation,dynamic_discovery
CHC.Mature Industry Rate of Return as PCT[Thermochem]:SE.FCI  sensi multiplier[Jet],0.06829415564803856,0.06759885329577375,0.0006953023522648094,0.0006953023522648094,interaction,dynamic_discovery
CHC.Mature Industry Rate of Return as PCT[Brownfield]:SE.ORNOOC sensi multiplier[Jet],0.06829276581328703,0.06759885329577375,0.0006939125175132732,0.0006939125175132732,interaction,dynamic_discovery
OHC.PY sensi multiplier[HEFABrownfield]:WW.Mature Industry Rate of Return as PCT[ManureToHTL],0.06829259016427698,0.06759885329577375,0.000693736868503228,0.000693736868503228,interaction,dynamic_discovery
WW.PY sensi multiplier[ManureToHTL]:CHC.Mature Industry Rate of Return as PCT[Brownfield],0.0682738014928677,0.06759885329577375,0.0006749481970939469,0.0006749481970939469,interaction,dynamic_discovery
SE.PY sensi multiplier[Jet]:CHC.Mature Industry Rate of Return as PCT[Brownfield],0.06826717579782733,0.06759885329577375,0.0006683225020535782,0.0006683225020535782,interaction,dynamic_discovery
SE.Mature Industry Rate of Return as PCT[Jet]:WW.FCI  sensi multiplier[ManureToHTL],0.06825509365991703,0.06759885329577375,0.0006562403641432735,0.0006562403641432735,interaction,dynamic_discovery
inverse_CHC.Debt Interest Rate as pct[Thermochem],0.06825299297039387,0.06759885329577375,0.0006541396746201217,0.0006541396746201217,transformation,dynamic_discovery
AHC.PY sensi multiplier[HTL]:SE.Mature Industry Rate of Return as PCT[Jet],0.06824043597495469,0.06759885329577375,0.0006415826791809354,0.0006415826791809354,interaction,dynamic_discovery
WW.Mature Industry Rate of Return as PCT[SludgeToHTL]:WW.FCI  sensi multiplier[ManureToHTL],0.0682103756282697,0.06759885329577375,0.0006115223324959507,0.0006115223324959507,interaction,dynamic_discovery
CHC.Mature Industry Rate of Return as PCT[Biochem]:CHC.PY sensi multiplier[Thermochem],0.06817401215086431,0.06759885329577375,0.0005751588550905601,0.0005751588550905601,interaction,dynamic_discovery
AHC.PY sensi multiplier[HTL]:SE.Debt Interest Rate as pct[Jet],0.0681709871061509,0.06759885329577375,0.0005721338103771428,0.0005721338103771428,interaction,dynamic_discovery
AHC.PY sensi multiplier[HTL]:AHC.initial indices of Commercial Maturity[HTL],0.06813941316917405,0.06759885329577375,0.0005405598734002925,0.0005405598734002925,interaction,dynamic_discovery
WW.PY sensi multiplier[ManureToHTL]:CHC.initial indices of Commercial Maturity[Thermochem],0.06812789687307638,0.06759885329577375,0.0005290435773026292,0.0005290435773026292,interaction,dynamic_discovery
inverse_SE.Mature Industry Rate of Return as PCT[Jet],0.06812465133242294,0.06759885329577375,0.0005257980366491916,0.0005257980366491916,transformation,dynamic_discovery
OHC.Retirement Frac[TransEster]:OHC.ORNOOC sensi multiplier[HEFABrownfield],0.06812197930043445,0.06759885329577375,0.0005231260046607011,0.0005231260046607011,interaction,dynamic_discovery
SE.Max Jet Investment Hit Rate:OHC.ORNOOC sensi multiplier[HEFA],0.06811886843592982,0.06759885329577375,0.000520015140156066,0.000520015140156066,interaction,dynamic_discovery
AHC.Mature Industry Rate of Return as PCT[HTL]:AHC.Debt Interest Rate as pct[HTL],0.06811278486930708,0.06759885329577375,0.0005139315735333272,0.0005139315735333272,interaction,dynamic_discovery
OHC.PY sensi multiplier[HEFA]:CHC.initial indices of Commercial Maturity[Brownfield],0.06811264979615617,0.06759885329577375,0.000513796500382413,0.000513796500382413,interaction,dynamic_discovery
SE.Mature Industry Rate of Return as PCT[Jet]:WW.ORNOOC sensi multiplier[ManureToHTL],0.06808933059042109,0.06759885329577375,0.0004904772946473374,0.0004904772946473374,interaction,dynamic_discovery
SE.Max Jet Investment Hit Rate:CHC.initial indices of Commercial Maturity[Thermochem],0.06808228320550322,0.06759885329577375,0.00048342990972946587,0.00048342990972946587,interaction,dynamic_discovery
WW.initial indices of Commercial Maturity[ManureToHTL]:WW.ORNOOC sensi multiplier[ManureToHTL],0.068080939959498,0.06759885329577375,0.0004820866637242488,0.0004820866637242488,interaction,dynamic_discovery
CHC.initial indices of Commercial Maturity[Brownfield]:CHC.Debt Interest Rate as pct[Brownfield],0.06807307455849959,0.06759885329577375,0.000474221262725838,0.000474221262725838,interaction,dynamic_discovery
"OHC.Mature Industry Rate of Return as PCT[HEFA]:OHC.Policy Duration[Price,HEFA]",0.06806710388244361,0.06759885329577375,0.000468250586669855,0.000468250586669855,interaction,dynamic_discovery
AHC.PY sensi multiplier[HTL]:CHC.initial indices of Commercial Maturity[Thermochem],0.0680591644402551,0.06759885329577375,0.00046031114448134847,0.00046031114448134847,interaction,dynamic_discovery
SE.Max Jet Investment Hit Rate:WW.ORNOOC sensi multiplier[ManureToHTL],0.06805407883128578,0.06759885329577375,0.00045522553551202716,0.00045522553551202716,interaction,dynamic_discovery
SE.Max Jet Investment Hit Rate:OHC.FCI  sensi multiplier[HEFA],0.06804495532704728,0.06759885329577375,0.0004461020312735292,0.0004461020312735292,interaction,dynamic_discovery
WW.Mature Industry Rate of Return as PCT[SludgeToHTL]:SE.ORNOOC sensi multiplier[Jet],0.06804307862029706,0.06759885329577375,0.00044422532452330354,0.00044422532452330354,interaction,dynamic_discovery
SE.initial indices of Commercial Maturity[Jet]:WW.FCI  sensi multiplier[SludgeToHTL],0.06803648041593853,0.06759885329577375,0.0004376271201647769,0.0004376271201647769,interaction,dynamic_discovery
CHC.initial indices of Commercial Maturity[Thermochem]:SE.ORNOOC sensi multiplier[Jet],0.06802290521430984,0.06759885329577375,0.00042405191853608915,0.00042405191853608915,interaction,dynamic_discovery
SE.Max Jet Investment Hit Rate:CHC.initial indices of Commercial Maturity[Brownfield],0.06801069543480316,0.06759885329577375,0.0004118421390294086,0.0004118421390294086,interaction,dynamic_discovery
SE.Max Jet Investment Hit Rate:CHC.Mature Industry Rate of Return as PCT[Brownfield],0.06800758907211138,0.06759885329577375,0.0004087357763376265,0.0004087357763376265,interaction,dynamic_discovery
WW.Debt Interest Rate as pct[SludgeToHTL],0.06800185992168553,0.06759885329577375,0.00040300662591177816,0.00040300662591177816,numeric,model_factors
"OHC.Retirement Frac[TransEster]:OHC.Policy Duration[Price,HEFA]",0.06798654977238117,0.06759885329577375,0.00038769647660741313,0.00038769647660741313,interaction,dynamic_discovery
OHC.PY sensi multiplier[HEFA]:AHC.initial indices of Commercial Maturity[HTL],0.0679799328348009,0.06759885329577375,0.00038107953902714875,0.00038107953902714875,interaction,dynamic_discovery
SE.PY sensi multiplier[Jet]:CHC.initial indices of Commercial Maturity[Thermochem],0.06797778293204779,0.06759885329577375,0.00037892963627403353,0.00037892963627403353,interaction,dynamic_discovery
AHC.Mature Industry Rate of Return as PCT[HTL]:AHC.initial indices of Commercial Maturity[HTL],0.06797445876511553,0.06759885329577375,0.00037560546934177486,0.00037560546934177486,interaction,dynamic_discovery
"SE.Max Jet Investment Hit Rate:OHC.Policy Duration[Price,HEFA]",0.0679708710869703,0.06759885329577375,0.0003720177911965411,0.0003720177911965411,interaction,dynamic_discovery
WW.ORNOOC sensi multiplier[SludgeToHTL]:WW.initial indices of Commercial Maturity[SludgeToHTL],0.06797049765515152,0.06759885329577375,0.00037164435937776796,0.00037164435937776796,interaction,dynamic_discovery
OHC.PY sensi multiplier[HEFABrownfield]:SE.initial indices of Commercial Maturity[Jet],0.06796773371849824,0.06759885329577375,0.0003688804227244824,0.0003688804227244824,interaction,dynamic_discovery
CHC.initial indices of Commercial Maturity[Thermochem]:SE.FCI  sensi multiplier[Jet],0.06796539302548472,0.06759885329577375,0.00036653972971097126,0.00036653972971097126,interaction,dynamic_discovery
SE.PY sensi multiplier[Jet]:WW.initial indices of Commercial Maturity[ManureToHTL],0.06796277906184596,0.06759885329577375,0.0003639257660722067,0.0003639257660722067,interaction,dynamic_discovery
WW.ORNOOC sensi multiplier[SludgeToHTL]:SE.initial indices of Commercial Maturity[Jet],0.06794885232483613,0.06759885329577375,0.0003499990290623811,0.0003499990290623811,interaction,dynamic_discovery
WW.Mature Industry Rate of Return as PCT[SludgeToHTL]:SE.Mature Industry Rate of Return as PCT[Jet],0.06793936413688088,0.06759885329577375,0.0003405108411071306,0.0003405108411071306,interaction,dynamic_discovery
CHC.PY sensi multiplier[Thermochem]:SE.initial indices of Commercial Maturity[Jet],0.06793420797973776,0.06759885329577375,0.00033535468396400647,0.00033535468396400647,interaction,dynamic_discovery
CHC.initial indices of Commercial Maturity[Brownfield]:WW.FCI  sensi multiplier[SludgeToHTL],0.06793005098411374,0.06759885329577375,0.00033119768833998753,0.00033119768833998753,interaction,dynamic_discovery
WW.Mature Industry Rate of Return as PCT[ManureToHTL]:CHC.initial indices of Commercial Maturity[Thermochem],0.06792676181788283,0.06759885329577375,0.00032790852210907995,0.00032790852210907995,interaction,dynamic_discovery
OHC.PY sensi multiplier[HEFA]:WW.initial indices of Commercial Maturity[SludgeToHTL],0.06792568659052123,0.06759885329577375,0.000326833294747475,0.000326833294747475,interaction,dynamic_discovery
OHC.Retirement Frac[TransEster]:WW.ORNOOC sensi multiplier[ManureToHTL],0.0679186160955799,0.06759885329577375,0.0003197627998061531,0.0003197627998061531,interaction,dynamic_discovery
CHC.initial indices of Commercial Maturity[Brownfield]:WW.ORNOOC sensi multiplier[SludgeToHTL],0.06791782192074243,0.06759885329577375,0.00031896862496867684,0.00031896862496867684,interaction,dynamic_discovery
AHC.PY sensi multiplier[HTL]:SE.initial indices of Commercial Maturity[Jet],0.06791682886573329,0.06759885329577375,0.000317975569959536,0.000317975569959536,interaction,dynamic_discovery
WW.Mature Industry Rate of Return as PCT[SludgeToHTL]:OHC.Mature Industry Rate of Return as PCT[HEFA],0.06791259308109439,0.06759885329577375,0.0003137397853206353,0.0003137397853206353,interaction,dynamic_discovery
SE.Max Jet Investment Hit Rate:WW.FCI  sensi multiplier[ManureToHTL],0.06790733979179366,0.06759885329577375,0.0003084864960199024,0.0003084864960199024,interaction,dynamic_discovery
WW.PY sensi multiplier[ManureToHTL]:SE.initial indices of Commercial Maturity[Jet],0.06790705737501733,0.06759885329577375,0.0003082040792435764,0.0003082040792435764,interaction,dynamic_discovery
"SE.Mature Industry Rate of Return as PCT[Jet]:SE.Policy Duration[Price,Jet]",0.06790082243077658,0.06759885329577375,0.0003019691350028275,0.0003019691350028275,interaction,dynamic_discovery
WW.ORNOOC sensi multiplier[SludgeToHTL]:WW.initial indices of Commercial Maturity[ManureToHTL],0.06789619619048079,0.06759885329577375,0.0002973428947070367,0.0002973428947070367,interaction,dynamic_discovery
OHC.Retirement Frac[TransEster]:SE.PY sensi multiplier[Jet],0.06789067042151689,0.06759885329577375,0.0002918171257431379,0.0002918171257431379,interaction,dynamic_discovery
"OHC.Retirement Frac[TransEster]:SE.Policy Duration[Price,Jet]",0.0678674381896715,0.06759885329577375,0.00026858489389774975,0.00026858489389774975,interaction,dynamic_discovery
AHC.Mature Industry Rate of Return as PCT[HTL]:WW.initial indices of Commercial Maturity[SludgeToHTL],0.06785620458895632,0.06759885329577375,0.00025735129318256444,0.00025735129318256444,interaction,dynamic_discovery
OHC.Retirement Frac[TransEster]:CHC.Debt Interest Rate as pct[Thermochem],0.06785555083661463,0.06759885329577375,0.00025669754084087226,0.00025669754084087226,interaction,dynamic_discovery
"SE.Mature Industry Rate of Return as PCT[Jet]:CHC.Policy Duration[Price,Thermochem]",0.06785218172394081,0.06759885329577375,0.0002533284281670545,0.0002533284281670545,interaction,dynamic_discovery
CHC.initial indices of Commercial Maturity[Brownfield]:SE.ORNOOC sensi multiplier[Jet],0.06784992154531011,0.06759885329577375,0.000251068249536357,0.000251068249536357,interaction,dynamic_discovery
WW.Mature Industry Rate of Return as PCT[SludgeToHTL]:CHC.Mature Industry Rate of Return as PCT[Brownfield],0.06783444002813603,0.06759885329577375,0.0002355867323622779,0.0002355867323622779,interaction,dynamic_discovery
CHC.initial indices of Commercial Maturity[Brownfield]:SE.PY sensi multiplier[Jet],0.06783252178441193,0.06759885329577375,0.0002336684886381779,0.0002336684886381779,interaction,dynamic_discovery
SE.Max Jet Investment Hit Rate:SE.initial indices of Commercial Maturity[Jet],0.06783248312306266,0.06759885329577375,0.00023362982728890314,0.00023362982728890314,interaction,dynamic_discovery
OHC.Retirement Frac[TransEster]:SE.FCI  sensi multiplier[Jet],0.0678324209242939,0.06759885329577375,0.00023356762852014268,0.00023356762852014268,interaction,dynamic_discovery
OHC.Retirement Frac[TransEster]:CHC.initial indices of Commercial Maturity[Thermochem],0.0678296040330189,0.06759885329577375,0.00023075073724514172,0.00023075073724514172,interaction,dynamic_discovery
AHC.PY sensi multiplier[HTL]:CHC.initial indices of Commercial Maturity[Brownfield],0.0678180146083096,0.06759885329577375,0.0002191613125358538,0.0002191613125358538,interaction,dynamic_discovery
SE.Max Jet Investment Hit Rate:OHC.Mature Industry Rate of Return as PCT[HEFA],0.06781376316645722,0.06759885329577375,0.000214909870683469,0.000214909870683469,interaction,dynamic_discovery
CHC.initial indices of Commercial Maturity[Brownfield]:WW.Mature Industry Rate of Return as PCT[SludgeToHTL],0.06780599174594698,0.06759885329577375,0.00020713845017322763,0.00020713845017322763,interaction,dynamic_discovery
OHC.Retirement Frac[TransEster]:WW.FCI  sensi multiplier[ManureToHTL],0.06780570272073391,0.06759885329577375,0.00020684942496015934,0.00020684942496015934,interaction,dynamic_discovery
OHC.Retirement Frac[TransEster]:SE.ORNOOC sensi multiplier[Jet],0.06780219349742123,0.06759885329577375,0.0002033402016474728,0.0002033402016474728,interaction,dynamic_discovery
SE.Mature Industry Rate of Return as PCT[Jet]:CHC.Mature Industry Rate of Return as PCT[Brownfield],0.06779581274953078,0.06759885329577375,0.0001969594537570285,0.0001969594537570285,interaction,dynamic_discovery
CHC.Mature Industry Rate of Return as PCT[Brownfield]:SE.initial indices of Commercial Maturity[Jet],0.06779553028602281,0.06759885329577375,0.00019667699024905616,0.00019667699024905616,interaction,dynamic_discovery
SE.ORNOOC sensi multiplier[Jet]:WW.initial indices of Commercial Maturity[SludgeToHTL],0.06778982467332362,0.06759885329577375,0.00019097137754986448,0.00019097137754986448,interaction,dynamic_discovery
CHC.initial indices of Commercial Maturity[Brownfield]:WW.PY sensi multiplier[ManureToHTL],0.0677846832663448,0.06759885329577375,0.00018582997057105255,0.00018582997057105255,interaction,dynamic_discovery
CHC.Debt Interest Rate as pct[Brownfield],0.06777539229693501,0.06759885329577375,0.00017653900116125498,0.00017653900116125498,numeric,model_factors
CHC.Mature Industry Rate of Return as PCT[Thermochem]:AHC.initial indices of Commercial Maturity[HTL],0.06777140727286673,0.06759885329577375,0.00017255397709298181,0.00017255397709298181,interaction,dynamic_discovery
SE.Max Jet Investment Hit Rate:WW.Mature Industry Rate of Return as PCT[ManureToHTL],0.06776990206562873,0.06759885329577375,0.0001710487698549784,0.0001710487698549784,interaction,dynamic_discovery
WW.Mature Industry Rate of Return as PCT[ManureToHTL]:CHC.Mature Industry Rate of Return as PCT[Brownfield],0.06776831175948761,0.06759885329577375,0.0001694584637138563,0.0001694584637138563,interaction,dynamic_discovery
OHC.Retirement Frac[TransEster]:OHC.Mature Industry Rate of Return as PCT[HEFA],0.06776590020433207,0.06759885329577375,0.00016704690855831594,0.00016704690855831594,interaction,dynamic_discovery
OHC.Retirement Frac[TransEster]:WW.PY sensi multiplier[ManureToHTL],0.06776317705161253,0.06759885329577375,0.00016432375583877445,0.00016432375583877445,interaction,dynamic_discovery
OHC.PY sensi multiplier[HEFABrownfield]:WW.initial indices of Commercial Maturity[ManureToHTL],0.0677574203550811,0.06759885329577375,0.00015856705930734905,0.00015856705930734905,interaction,dynamic_discovery
WW.Mature Industry Rate of Return as PCT[ManureToHTL]:SE.Mature Industry Rate of Return as PCT[Jet],0.0677555771757373,0.06759885329577375,0.00015672387996354398,0.00015672387996354398,interaction,dynamic_discovery
"CHC.Policy Duration[Price,Brownfield]",0.06775182172904479,0.06759885329577375,0.0001529684332710335,0.0001529684332710335,numeric,model_factors
CHC.initial indices of Commercial Maturity[Brownfield]:SE.Mature Industry Rate of Return as PCT[Jet],0.0677487291061824,0.06759885329577375,0.0001498758104086506,0.0001498758104086506,interaction,dynamic_discovery
CHC.Mature Industry Rate of Return as PCT[Thermochem]:SE.initial indices of Commercial Maturity[Jet],0.06774206427682251,0.06759885329577375,0.00014321098104876084,0.00014321098104876084,interaction,dynamic_discovery
WW.Mature Industry Rate of Return as PCT[ManureToHTL]:SE.initial indices of Commercial Maturity[Jet],0.06774088485441167,0.06759885329577375,0.0001420315586379145,0.0001420315586379145,interaction,dynamic_discovery
inverse_SE.initial indices of Commercial Maturity[Jet],0.06773985696747746,0.06759885329577375,0.0001410036717037072,0.0001410036717037072,transformation,dynamic_discovery
CHC.initial indices of Commercial Maturity[Brownfield]:SE.FCI  sensi multiplier[Jet],0.06772811139666891,0.06759885329577375,0.00012925810089516043,0.00012925810089516043,interaction,dynamic_discovery
CHC.Mature Industry Rate of Return as PCT[Thermochem]:SE.Mature Industry Rate of Return as PCT[Jet],0.06772509472990418,0.06759885329577375,0.0001262414341304252,0.0001262414341304252,interaction,dynamic_discovery
SE.Max Jet Investment Hit Rate:AHC.initial indices of Commercial Maturity[HTL],0.06771745617612669,0.06759885329577375,0.00011860288035293876,0.00011860288035293876,interaction,dynamic_discovery
WW.Mature Industry Rate of Return as PCT[SludgeToHTL]:SE.initial indices of Commercial Maturity[Jet],0.06768960501679122,0.06759885329577375,9.075172101746798e-05,9.075172101746798e-05,interaction,dynamic_discovery
OHC.Retirement Frac[TransEster]:SE.Mature Industry Rate of Return as PCT[Jet],0.06768559586543565,0.06759885329577375,8.674256966190175e-05,8.674256966190175e-05,interaction,dynamic_discovery
SE.Mature Industry Rate of Return as PCT[Jet]:CHC.initial indices of Commercial Maturity[Thermochem],0.0676821950547848,0.06759885329577375,8.334175901104912e-05,8.334175901104912e-05,interaction,dynamic_discovery
OHC.Retirement Frac[TransEster]:WW.Mature Industry Rate of Return as PCT[ManureToHTL],0.06767128046895551,0.06759885329577375,7.242717318176051e-05,7.242717318176051e-05,interaction,dynamic_discovery
WW.initial indices of Commercial Maturity[ManureToHTL]:SE.initial indices of Commercial Maturity[Jet],0.06767061756326576,0.06759885329577375,7.176426749200271e-05,7.176426749200271e-05,interaction,dynamic_discovery
WW.Mature Industry Rate of Return as PCT[SludgeToHTL]:WW.initial indices of Commercial Maturity[ManureToHTL],0.06766494102132382,0.06759885329577375,6.608772555007081e-05,6.608772555007081e-05,interaction,dynamic_discovery
CHC.initial indices of Commercial Maturity[Brownfield]:WW.Mature Industry Rate of Return as PCT[ManureToHTL],0.06766257508034475,0.06759885329577375,6.37217845709942e-05,6.37217845709942e-05,interaction,dynamic_discovery
SE.Mature Industry Rate of Return as PCT[Jet]:AHC.initial indices of Commercial Maturity[HTL],0.06765294429058223,0.06759885329577375,5.409099480847834e-05,5.409099480847834e-05,interaction,dynamic_discovery
OHC.Retirement Frac[TransEster]:CHC.Mature Industry Rate of Return as PCT[Biochem],0.06765210039851688,0.06759885329577375,5.324710274312583e-05,5.324710274312583e-05,interaction,dynamic_discovery
SE.initial indices of Commercial Maturity[Jet]:WW.initial indices of Commercial Maturity[SludgeToHTL],0.06763731864618973,0.06759885329577375,3.846535041597543e-05,3.846535041597543e-05,interaction,dynamic_discovery
SE.Mature Industry Rate of Return as PCT[Jet]:WW.initial indices of Commercial Maturity[SludgeToHTL],0.06763581218997802,0.06759885329577375,3.695889420426979e-05,3.695889420426979e-05,interaction,dynamic_discovery
OHC.Retirement Frac[TransEster]:SE.initial indices of Commercial Maturity[Jet],0.06763562834314261,0.06759885329577375,3.677504736886161e-05,3.677504736886161e-05,interaction,dynamic_discovery
SE.Max Jet Investment Hit Rate:WW.initial indices of Commercial Maturity[ManureToHTL],0.06763467389169076,0.06759885329577375,3.582059591700215e-05,3.582059591700215e-05,interaction,dynamic_discovery
CHC.initial indices of Commercial Maturity[Thermochem]:SE.initial indices of Commercial Maturity[Jet],0.06763421077726099,0.06759885329577375,3.535748148723872e-05,3.535748148723872e-05,interaction,dynamic_discovery
SE.Mature Industry Rate of Return as PCT[Jet]:WW.initial indices of Commercial Maturity[ManureToHTL],0.06763143622070926,0.06759885329577375,3.258292493550641e-05,3.258292493550641e-05,interaction,dynamic_discovery
OHC.Retirement Frac[TransEster]:CHC.initial indices of Commercial Maturity[Brownfield],0.06763080173453559,0.06759885329577375,3.1948438761836284e-05,3.1948438761836284e-05,interaction,dynamic_discovery
CHC.initial indices of Commercial Maturity[Thermochem]:AHC.initial indices of Commercial Maturity[HTL],0.06763008287986293,0.06759885329577375,3.1229584089173534e-05,3.1229584089173534e-05,interaction,dynamic_discovery
OHC.Retirement Frac[TransEster]:AHC.initial indices of Commercial Maturity[HTL],0.06762609871649018,0.06759885329577375,2.7245420716429103e-05,2.7245420716429103e-05,interaction,dynamic_discovery
"OHC.Policy Duration[FCI,HEFABrownfield]",0.06762192519555994,0.06759885329577375,2.307189978618951e-05,2.307189978618951e-05,numeric,model_factors
CHC.initial indices of Commercial Maturity[Brownfield]:SE.initial indices of Commercial Maturity[Jet],0.06761785206766167,0.06759885329577375,1.8998771887920873e-05,1.8998771887920873e-05,interaction,dynamic_discovery
inverse_CHC.initial indices of Commercial Maturity[Brownfield],0.06760910629568027,0.06759885329577375,1.0252999906520954e-05,1.0252999906520954e-05,transformation,dynamic_discovery
inverse_OHC.Retirement Frac[TransEster],0.06759944734904108,0.06759885329577375,5.940532673276433e-07,5.940532673276433e-07,transformation,dynamic_discovery
OHC.Retirement Frac[TransEster]:WW.initial indices of Commercial Maturity[ManureToHTL],0.0675992640403505,0.06759885329577375,4.107445767537188e-07,4.107445767537188e-07,interaction,dynamic_discovery
inverse_CHC.initial indices of Commercial Maturity[Biochem],0.06759871338147089,0.06759885329577375,-1.3991430286575124e-07,1.3991430286575124e-07,transformation,dynamic_discovery
