feature_name,n_outputs,n_outputs_excluding_zero,hc3_retained_after_filter,hc3_drop_reason,max_abs_hc3_t_statistic,interval_method,alpha
OHC.PY sensi multiplier[HEFA],9954,3802,True,retained_by_at_least_one_output,252.24725624868702,hc3_wald_95_percent_drop_if_zero_compatible_for_all_outputs,0.05
WW.PY sensi multiplier[SludgeToHTL],9954,2815,True,retained_by_at_least_one_output,148.64299374970523,hc3_wald_95_percent_drop_if_zero_compatible_for_all_outputs,0.05
inverse_OHC.PY sensi multiplier[HEFA],9954,4203,True,retained_by_at_least_one_output,359.78256206578556,hc3_wald_95_percent_drop_if_zero_compatible_for_all_outputs,0.05
WW.PY sensi multiplier[SludgeToHTL]:WW.progress ratios commercial[SludgeToHTL],9954,2582,True,retained_by_at_least_one_output,111.8303187830547,hc3_wald_95_percent_drop_if_zero_compatible_for_all_outputs,0.05
sqrt_AHC.PY sensi multiplier[HEFA],9954,498,True,retained_by_at_least_one_output,211.7933331656344,hc3_wald_95_percent_drop_if_zero_compatible_for_all_outputs,0.05
WW.Mature Industry Rate of Return as PCT[SludgeToHTL]:WW.progress ratios commercial[SludgeToHTL],9954,3070,True,retained_by_at_least_one_output,106.84835732227047,hc3_wald_95_percent_drop_if_zero_compatible_for_all_outputs,0.05
WW.Mature Industry Rate of Return as PCT[SludgeToHTL],9954,4352,True,retained_by_at_least_one_output,93.38190045529342,hc3_wald_95_percent_drop_if_zero_compatible_for_all_outputs,0.05
sqrt_AHC.PY sensi multiplier[HTL],9954,750,True,retained_by_at_least_one_output,170.4964516566092,hc3_wald_95_percent_drop_if_zero_compatible_for_all_outputs,0.05
OHC.PY sensi multiplier[HEFABrownfield]:OHC.PY sensi multiplier[HEFA],9954,4205,True,retained_by_at_least_one_output,154.13751684532377,hc3_wald_95_percent_drop_if_zero_compatible_for_all_outputs,0.05
WW.PY sensi multiplier[ManureToHTL],9954,1328,True,retained_by_at_least_one_output,182.78292425051623,hc3_wald_95_percent_drop_if_zero_compatible_for_all_outputs,0.05
CHC.PY sensi multiplier[Thermochem]:CHC.Mature Industry Rate of Return as PCT[Thermochem],9954,5938,True,retained_by_at_least_one_output,134.25959482452203,hc3_wald_95_percent_drop_if_zero_compatible_for_all_outputs,0.05
AHC.PY sensi multiplier[HEFA],9954,494,True,retained_by_at_least_one_output,160.7029330731463,hc3_wald_95_percent_drop_if_zero_compatible_for_all_outputs,0.05
AHC.PY sensi multiplier[HTL],9954,757,True,retained_by_at_least_one_output,129.57438460336957,hc3_wald_95_percent_drop_if_zero_compatible_for_all_outputs,0.05
CHC.PY sensi multiplier[Thermochem]:CHC.initial indices of Commercial Maturity[Thermochem],9954,5162,True,retained_by_at_least_one_output,151.47070044047308,hc3_wald_95_percent_drop_if_zero_compatible_for_all_outputs,0.05
CHC.Mature Industry Rate of Return as PCT[Brownfield],9954,2881,True,retained_by_at_least_one_output,64.20460053854076,hc3_wald_95_percent_drop_if_zero_compatible_for_all_outputs,0.05
CHC.initial indices of Commercial Maturity[Brownfield]:CHC.PY sensi multiplier[Brownfield],9954,4575,True,retained_by_at_least_one_output,76.63222326808177,hc3_wald_95_percent_drop_if_zero_compatible_for_all_outputs,0.05
CHC.Mature Industry Rate of Return as PCT[Thermochem],9954,4850,True,retained_by_at_least_one_output,173.10914602626846,hc3_wald_95_percent_drop_if_zero_compatible_for_all_outputs,0.05
OHC.PY sensi multiplier[HEFABrownfield],9954,2940,True,retained_by_at_least_one_output,398.6141727917469,hc3_wald_95_percent_drop_if_zero_compatible_for_all_outputs,0.05
WW.PY sensi multiplier[ManureToHTL]:WW.Mature Industry Rate of Return as PCT[ManureToHTL],9954,2832,True,retained_by_at_least_one_output,328.5504770238969,hc3_wald_95_percent_drop_if_zero_compatible_for_all_outputs,0.05
CHC.PY sensi multiplier[Thermochem]:CHC.FCI  sensi multiplier[Thermochem],9954,5052,True,retained_by_at_least_one_output,75.61959067380246,hc3_wald_95_percent_drop_if_zero_compatible_for_all_outputs,0.05
CHC.PY sensi multiplier[Thermochem],9954,6283,True,retained_by_at_least_one_output,102.93708684762105,hc3_wald_95_percent_drop_if_zero_compatible_for_all_outputs,0.05
CHC.initial indices of Commercial Maturity[Brownfield]:CHC.Mature Industry Rate of Return as PCT[Brownfield],9954,5348,True,retained_by_at_least_one_output,178.1145820102459,hc3_wald_95_percent_drop_if_zero_compatible_for_all_outputs,0.05
OHC.PY sensi multiplier[HEFA]:OHC.progress ratios commercial[HEFA],9954,2525,True,retained_by_at_least_one_output,83.65782446423567,hc3_wald_95_percent_drop_if_zero_compatible_for_all_outputs,0.05
WW.progress ratios commercial[SludgeToHTL]:WW.FCI  sensi multiplier[SludgeToHTL],9954,2427,True,retained_by_at_least_one_output,36.56036602877664,hc3_wald_95_percent_drop_if_zero_compatible_for_all_outputs,0.05
CHC.Mature Industry Rate of Return as PCT[Thermochem]:CHC.FCI  sensi multiplier[Thermochem],9954,4259,True,retained_by_at_least_one_output,128.6350165432447,hc3_wald_95_percent_drop_if_zero_compatible_for_all_outputs,0.05
CHC.FCI  sensi multiplier[Thermochem],9954,4131,True,retained_by_at_least_one_output,64.50702576808563,hc3_wald_95_percent_drop_if_zero_compatible_for_all_outputs,0.05
inverse_WW.PY sensi multiplier[ManureToHTL],9954,1209,True,retained_by_at_least_one_output,328.6713693954991,hc3_wald_95_percent_drop_if_zero_compatible_for_all_outputs,0.05
CHC.Mature Industry Rate of Return as PCT[Thermochem]:CHC.initial indices of Commercial Maturity[Thermochem],9954,5523,True,retained_by_at_least_one_output,328.3339638813567,hc3_wald_95_percent_drop_if_zero_compatible_for_all_outputs,0.05
CHC.initial indices of Commercial Maturity[Brownfield]:CHC.FCI  sensi multiplier[Brownfield],9954,3642,True,retained_by_at_least_one_output,48.155461395814555,hc3_wald_95_percent_drop_if_zero_compatible_for_all_outputs,0.05
inverse_WW.PY sensi multiplier[SludgeToHTL],9954,3311,True,retained_by_at_least_one_output,157.5704403279589,hc3_wald_95_percent_drop_if_zero_compatible_for_all_outputs,0.05
CHC.initial indices of Commercial Maturity[Thermochem]:CHC.FCI  sensi multiplier[Thermochem],9954,3645,True,retained_by_at_least_one_output,132.90057973065376,hc3_wald_95_percent_drop_if_zero_compatible_for_all_outputs,0.05
CHC.Mature Industry Rate of Return as PCT[Brownfield]:CHC.PY sensi multiplier[Brownfield],9954,3380,True,retained_by_at_least_one_output,45.04153535739124,hc3_wald_95_percent_drop_if_zero_compatible_for_all_outputs,0.05
WW.FCI  sensi multiplier[SludgeToHTL],9954,2383,True,retained_by_at_least_one_output,31.61188395024688,hc3_wald_95_percent_drop_if_zero_compatible_for_all_outputs,0.05
WW.PY sensi multiplier[ManureToHTL]:WW.ORNOOC sensi multiplier[ManureToHTL],9954,937,True,retained_by_at_least_one_output,79.86905877935703,hc3_wald_95_percent_drop_if_zero_compatible_for_all_outputs,0.05
OHC.PY sensi multiplier[HEFA]:OHC.Mature Industry Rate of Return as PCT[HEFA],9954,2564,True,retained_by_at_least_one_output,156.83406435177912,hc3_wald_95_percent_drop_if_zero_compatible_for_all_outputs,0.05
OHC.Retirement Frac[TransEster]:OHC.PY sensi multiplier[HEFA],9954,2128,True,retained_by_at_least_one_output,70.20495660936751,hc3_wald_95_percent_drop_if_zero_compatible_for_all_outputs,0.05
inverse_WW.progress ratios commercial[SludgeToHTL],9954,3628,True,retained_by_at_least_one_output,172.18811439838,hc3_wald_95_percent_drop_if_zero_compatible_for_all_outputs,0.05
OHC.Mature Industry Rate of Return as PCT[HEFA],9954,2121,True,retained_by_at_least_one_output,110.86603127405442,hc3_wald_95_percent_drop_if_zero_compatible_for_all_outputs,0.05
WW.PY sensi multiplier[SludgeToHTL]:WW.ORNOOC sensi multiplier[SludgeToHTL],9954,3360,True,retained_by_at_least_one_output,138.1980529350961,hc3_wald_95_percent_drop_if_zero_compatible_for_all_outputs,0.05
sqrt_OHC.PY sensi multiplier[HEFABrownfield],9954,2962,True,retained_by_at_least_one_output,403.49857435901004,hc3_wald_95_percent_drop_if_zero_compatible_for_all_outputs,0.05
WW.progress ratios commercial[SludgeToHTL],9954,3026,True,retained_by_at_least_one_output,128.2656452140163,hc3_wald_95_percent_drop_if_zero_compatible_for_all_outputs,0.05
WW.ORNOOC sensi multiplier[SludgeToHTL],9954,3272,True,retained_by_at_least_one_output,188.62804956801608,hc3_wald_95_percent_drop_if_zero_compatible_for_all_outputs,0.05
CHC.Mature Industry Rate of Return as PCT[Biochem]:CHC.FCI  sensi multiplier[Biochem],9954,870,True,retained_by_at_least_one_output,175.74488731442284,hc3_wald_95_percent_drop_if_zero_compatible_for_all_outputs,0.05
WW.PY sensi multiplier[ManureToHTL]:WW.initial indices of Commercial Maturity[ManureToHTL],9954,1026,True,retained_by_at_least_one_output,127.75314678870575,hc3_wald_95_percent_drop_if_zero_compatible_for_all_outputs,0.05
CHC.Mature Industry Rate of Return as PCT[Biochem]:CHC.PY sensi multiplier[Biochem],9954,442,True,retained_by_at_least_one_output,161.95860587666658,hc3_wald_95_percent_drop_if_zero_compatible_for_all_outputs,0.05
CHC.Mature Industry Rate of Return as PCT[Biochem],9954,733,True,retained_by_at_least_one_output,217.74089812446712,hc3_wald_95_percent_drop_if_zero_compatible_for_all_outputs,0.05
OHC.PY sensi multiplier[HEFA]:OHC.FCI  sensi multiplier[HEFA],9954,2775,True,retained_by_at_least_one_output,97.02109948219668,hc3_wald_95_percent_drop_if_zero_compatible_for_all_outputs,0.05
OHC.Retirement Frac[TransEster]:OHC.PY sensi multiplier[HEFABrownfield],9954,2135,True,retained_by_at_least_one_output,153.42432689888204,hc3_wald_95_percent_drop_if_zero_compatible_for_all_outputs,0.05
OHC.progress ratios commercial[HEFA],9954,2326,True,retained_by_at_least_one_output,33.01147943621083,hc3_wald_95_percent_drop_if_zero_compatible_for_all_outputs,0.05
WW.Mature Industry Rate of Return as PCT[ManureToHTL]:WW.ORNOOC sensi multiplier[ManureToHTL],9954,1378,True,retained_by_at_least_one_output,70.51279865087075,hc3_wald_95_percent_drop_if_zero_compatible_for_all_outputs,0.05
WW.PY sensi multiplier[ManureToHTL]:WW.FCI  sensi multiplier[ManureToHTL],9954,1099,True,retained_by_at_least_one_output,89.58647566366291,hc3_wald_95_percent_drop_if_zero_compatible_for_all_outputs,0.05
WW.Mature Industry Rate of Return as PCT[ManureToHTL]_squared,9954,971,True,retained_by_at_least_one_output,138.75176059221627,hc3_wald_95_percent_drop_if_zero_compatible_for_all_outputs,0.05
WW.Mature Industry Rate of Return as PCT[ManureToHTL]:WW.FCI  sensi multiplier[ManureToHTL],9954,933,True,retained_by_at_least_one_output,271.36676963608846,hc3_wald_95_percent_drop_if_zero_compatible_for_all_outputs,0.05
OHC.Retirement Frac[TransEster],9954,2075,True,retained_by_at_least_one_output,211.2819266480969,hc3_wald_95_percent_drop_if_zero_compatible_for_all_outputs,0.05
CHC.initial indices of Commercial Maturity[Thermochem]_squared,9954,3740,True,retained_by_at_least_one_output,155.8799656216942,hc3_wald_95_percent_drop_if_zero_compatible_for_all_outputs,0.05
CHC.Mature Industry Rate of Return as PCT[Biochem]:CHC.initial indices of Commercial Maturity[Biochem],9954,483,True,retained_by_at_least_one_output,230.11678204157022,hc3_wald_95_percent_drop_if_zero_compatible_for_all_outputs,0.05
CHC.PY sensi multiplier[Thermochem]:WW.Mature Industry Rate of Return as PCT[SludgeToHTL],9954,4846,True,retained_by_at_least_one_output,46.59966643050926,hc3_wald_95_percent_drop_if_zero_compatible_for_all_outputs,0.05
CHC.initial indices of Commercial Maturity[Thermochem],9954,3081,True,retained_by_at_least_one_output,55.1928855212747,hc3_wald_95_percent_drop_if_zero_compatible_for_all_outputs,0.05
CHC.initial indices of Commercial Maturity[Brownfield],9954,2748,True,retained_by_at_least_one_output,57.22834808522635,hc3_wald_95_percent_drop_if_zero_compatible_for_all_outputs,0.05
inverse_WW.Mature Industry Rate of Return as PCT[SludgeToHTL],9954,3166,True,retained_by_at_least_one_output,77.03637560642157,hc3_wald_95_percent_drop_if_zero_compatible_for_all_outputs,0.05
OHC.FCI  sensi multiplier[HEFA],9954,2738,True,retained_by_at_least_one_output,96.3505797900281,hc3_wald_95_percent_drop_if_zero_compatible_for_all_outputs,0.05
inverse_SE.Max Jet Investment Hit Rate,9954,4083,True,retained_by_at_least_one_output,163.05988004307628,hc3_wald_95_percent_drop_if_zero_compatible_for_all_outputs,0.05
SE.Max Jet Investment Hit Rate,9954,3768,True,retained_by_at_least_one_output,55.344108765336934,hc3_wald_95_percent_drop_if_zero_compatible_for_all_outputs,0.05
WW.PY sensi multiplier[SludgeToHTL]:AHC.initial indices of Commercial Maturity[HTL],9954,2345,True,retained_by_at_least_one_output,25.391255905261087,hc3_wald_95_percent_drop_if_zero_compatible_for_all_outputs,0.05
SE.Max Jet Investment Hit Rate:SE.PY sensi multiplier[Jet],9954,3125,True,retained_by_at_least_one_output,161.49720599681234,hc3_wald_95_percent_drop_if_zero_compatible_for_all_outputs,0.05
WW.Mature Industry Rate of Return as PCT[ManureToHTL]:WW.initial indices of Commercial Maturity[ManureToHTL],9954,918,True,retained_by_at_least_one_output,312.9207359258587,hc3_wald_95_percent_drop_if_zero_compatible_for_all_outputs,0.05
CHC.initial indices of Commercial Maturity[Biochem],9954,956,True,retained_by_at_least_one_output,115.90877567838905,hc3_wald_95_percent_drop_if_zero_compatible_for_all_outputs,0.05
WW.ORNOOC sensi multiplier[ManureToHTL],9954,1036,True,retained_by_at_least_one_output,98.03021377417174,hc3_wald_95_percent_drop_if_zero_compatible_for_all_outputs,0.05
WW.initial indices of Commercial Maturity[ManureToHTL],9954,988,True,retained_by_at_least_one_output,104.05816047728125,hc3_wald_95_percent_drop_if_zero_compatible_for_all_outputs,0.05
"WW.PY sensi multiplier[ManureToHTL]:WW.Policy Duration[Price,ManureToHTL]",9954,1918,True,retained_by_at_least_one_output,10.448855786127965,hc3_wald_95_percent_drop_if_zero_compatible_for_all_outputs,0.05
CHC.initial indices of Commercial Maturity[Biochem]:CHC.FCI  sensi multiplier[Biochem],9954,1095,True,retained_by_at_least_one_output,60.04048158193504,hc3_wald_95_percent_drop_if_zero_compatible_for_all_outputs,0.05
inverse_CHC.Mature Industry Rate of Return as PCT[Brownfield],9954,3448,True,retained_by_at_least_one_output,55.88696214049626,hc3_wald_95_percent_drop_if_zero_compatible_for_all_outputs,0.05
inverse_SE.PY sensi multiplier[Jet],9954,1415,True,retained_by_at_least_one_output,64.00681010557022,hc3_wald_95_percent_drop_if_zero_compatible_for_all_outputs,0.05
WW.Mature Industry Rate of Return as PCT[SludgeToHTL]:AHC.initial indices of Commercial Maturity[HTL],9954,2495,True,retained_by_at_least_one_output,39.81902048423807,hc3_wald_95_percent_drop_if_zero_compatible_for_all_outputs,0.05
AHC.Mature Industry Rate of Return as PCT[HTL],9954,493,True,retained_by_at_least_one_output,203.71735097732727,hc3_wald_95_percent_drop_if_zero_compatible_for_all_outputs,0.05
CHC.Mature Industry Rate of Return as PCT[Biochem]_squared,9954,626,True,retained_by_at_least_one_output,214.10785219016344,hc3_wald_95_percent_drop_if_zero_compatible_for_all_outputs,0.05
SE.Max Jet Investment Hit Rate:WW.PY sensi multiplier[ManureToHTL],9954,577,True,retained_by_at_least_one_output,10.989291101887911,hc3_wald_95_percent_drop_if_zero_compatible_for_all_outputs,0.05
inverse_CHC.FCI  sensi multiplier[Thermochem],9954,3102,True,retained_by_at_least_one_output,20.895067901514345,hc3_wald_95_percent_drop_if_zero_compatible_for_all_outputs,0.05
CHC.FCI  sensi multiplier[Brownfield],9954,606,True,retained_by_at_least_one_output,29.899990455522584,hc3_wald_95_percent_drop_if_zero_compatible_for_all_outputs,0.05
SE.Mature Industry Rate of Return as PCT[Jet],9954,2443,True,retained_by_at_least_one_output,131.10296505014597,hc3_wald_95_percent_drop_if_zero_compatible_for_all_outputs,0.05
WW.Mature Industry Rate of Return as PCT[ManureToHTL],9954,1702,True,retained_by_at_least_one_output,128.72980593777925,hc3_wald_95_percent_drop_if_zero_compatible_for_all_outputs,0.05
WW.FCI  sensi multiplier[ManureToHTL],9954,850,True,retained_by_at_least_one_output,61.95912131077858,hc3_wald_95_percent_drop_if_zero_compatible_for_all_outputs,0.05
CHC.PY sensi multiplier[Brownfield],9954,1697,True,retained_by_at_least_one_output,24.622685731773807,hc3_wald_95_percent_drop_if_zero_compatible_for_all_outputs,0.05
SE.ORNOOC sensi multiplier[Jet],9954,3454,True,retained_by_at_least_one_output,287.4654679121758,hc3_wald_95_percent_drop_if_zero_compatible_for_all_outputs,0.05
AHC.initial indices of Commercial Maturity[HTL]:WW.initial indices of Commercial Maturity[SludgeToHTL],9954,4589,True,retained_by_at_least_one_output,142.51207131377404,hc3_wald_95_percent_drop_if_zero_compatible_for_all_outputs,0.05
AHC.Mature Industry Rate of Return as PCT[HEFA],9954,1131,True,retained_by_at_least_one_output,440.77836086990845,hc3_wald_95_percent_drop_if_zero_compatible_for_all_outputs,0.05
AHC.initial indices of Commercial Maturity[HTL],9954,1562,True,retained_by_at_least_one_output,34.67064135589465,hc3_wald_95_percent_drop_if_zero_compatible_for_all_outputs,0.05
"WW.Policy Duration[Price,ManureToHTL]",9954,1128,True,retained_by_at_least_one_output,4.061820331666177,hc3_wald_95_percent_drop_if_zero_compatible_for_all_outputs,0.05
AHC.FCI  sensi multiplier[HTL],9954,522,True,retained_by_at_least_one_output,37.38265903098777,hc3_wald_95_percent_drop_if_zero_compatible_for_all_outputs,0.05
CHC.progress ratios commercial[Thermochem],9954,2438,True,retained_by_at_least_one_output,30.25055920608861,hc3_wald_95_percent_drop_if_zero_compatible_for_all_outputs,0.05
inverse_WW.FCI  sensi multiplier[SludgeToHTL],9954,831,True,retained_by_at_least_one_output,18.30543067766485,hc3_wald_95_percent_drop_if_zero_compatible_for_all_outputs,0.05
SE.FCI  sensi multiplier[Jet],9954,690,True,retained_by_at_least_one_output,29.647930342930188,hc3_wald_95_percent_drop_if_zero_compatible_for_all_outputs,0.05
SE.PY sensi multiplier[Jet],9954,1733,True,retained_by_at_least_one_output,15.729747693446447,hc3_wald_95_percent_drop_if_zero_compatible_for_all_outputs,0.05
AHC.initial indices of Commercial Maturity[HTL]_squared,9954,2214,True,retained_by_at_least_one_output,56.951936536125054,hc3_wald_95_percent_drop_if_zero_compatible_for_all_outputs,0.05
WW.initial indices of Commercial Maturity[SludgeToHTL]_squared,9954,2435,True,retained_by_at_least_one_output,57.501942201745116,hc3_wald_95_percent_drop_if_zero_compatible_for_all_outputs,0.05
AHC.FCI  sensi multiplier[HEFA],9954,713,True,retained_by_at_least_one_output,43.46825858167072,hc3_wald_95_percent_drop_if_zero_compatible_for_all_outputs,0.05
"WW.Policy Duration[Price,ManureToHTL]_squared",9954,412,True,retained_by_at_least_one_output,3.57057944336648,hc3_wald_95_percent_drop_if_zero_compatible_for_all_outputs,0.05
OHC.ORNOOC sensi multiplier[HEFA],9954,2740,True,retained_by_at_least_one_output,318.4919460853744,hc3_wald_95_percent_drop_if_zero_compatible_for_all_outputs,0.05
SE.initial indices of Commercial Maturity[Jet],9954,464,True,retained_by_at_least_one_output,23.713280926977657,hc3_wald_95_percent_drop_if_zero_compatible_for_all_outputs,0.05
WW.initial indices of Commercial Maturity[SludgeToHTL],9954,1877,True,retained_by_at_least_one_output,48.03742924265353,hc3_wald_95_percent_drop_if_zero_compatible_for_all_outputs,0.05
CHC.progress ratios commercial[Thermochem]:OHC.progress ratios commercial[HEFA],9954,1774,True,retained_by_at_least_one_output,3.281333324886552,hc3_wald_95_percent_drop_if_zero_compatible_for_all_outputs,0.05
AHC.ORNOOC sensi multiplier[HTL],9954,472,True,retained_by_at_least_one_output,179.94852813178946,hc3_wald_95_percent_drop_if_zero_compatible_for_all_outputs,0.05
WW.progress ratios commercial[ManureToHTL],9954,199,True,retained_by_at_least_one_output,3.9111399029720806,hc3_wald_95_percent_drop_if_zero_compatible_for_all_outputs,0.05
OHC.ORNOOC sensi multiplier[HEFABrownfield],9954,1363,True,retained_by_at_least_one_output,51.91213995454454,hc3_wald_95_percent_drop_if_zero_compatible_for_all_outputs,0.05
inverse_WW.ORNOOC sensi multiplier[ManureToHTL],9954,954,True,retained_by_at_least_one_output,9.876139774243493,hc3_wald_95_percent_drop_if_zero_compatible_for_all_outputs,0.05
CHC.FCI  sensi multiplier[Thermochem]:SE.initial indices of Commercial Maturity[Jet],9954,223,True,retained_by_at_least_one_output,3.054754591143253,hc3_wald_95_percent_drop_if_zero_compatible_for_all_outputs,0.05
OHC.PY sensi multiplier[HEFABrownfield]:WW.PY sensi multiplier[ManureToHTL],9954,791,True,retained_by_at_least_one_output,4.292949604945374,hc3_wald_95_percent_drop_if_zero_compatible_for_all_outputs,0.05
CHC.progress ratios commercial[Brownfield],9954,640,True,retained_by_at_least_one_output,8.815211195801234,hc3_wald_95_percent_drop_if_zero_compatible_for_all_outputs,0.05
AHC.Debt Interest Rate as pct[HTL],9954,585,True,retained_by_at_least_one_output,119.53358972742491,hc3_wald_95_percent_drop_if_zero_compatible_for_all_outputs,0.05
CHC.Debt Interest Rate as pct[Thermochem],9954,2920,True,retained_by_at_least_one_output,29.093071865901013,hc3_wald_95_percent_drop_if_zero_compatible_for_all_outputs,0.05
OHC.Retirement Frac[TransEster]:CHC.PY sensi multiplier[Biochem],9954,702,True,retained_by_at_least_one_output,3.702291667396917,hc3_wald_95_percent_drop_if_zero_compatible_for_all_outputs,0.05
SE.Max Jet Investment Hit Rate:OHC.progress ratios commercial[HEFA],9954,837,True,retained_by_at_least_one_output,9.557008140574595,hc3_wald_95_percent_drop_if_zero_compatible_for_all_outputs,0.05
inverse_SE.Mature Industry Rate of Return as PCT[Jet],9954,832,True,retained_by_at_least_one_output,18.259543467622475,hc3_wald_95_percent_drop_if_zero_compatible_for_all_outputs,0.05
AHC.Debt Interest Rate as pct[HEFA],9954,860,True,retained_by_at_least_one_output,150.87277245710663,hc3_wald_95_percent_drop_if_zero_compatible_for_all_outputs,0.05
SE.progress ratios commercial[Jet]_squared,9954,2209,True,retained_by_at_least_one_output,27.418655816303207,hc3_wald_95_percent_drop_if_zero_compatible_for_all_outputs,0.05
CHC.ORNOOC sensi multiplier[Thermochem],9954,2475,True,retained_by_at_least_one_output,12.927556277862154,hc3_wald_95_percent_drop_if_zero_compatible_for_all_outputs,0.05
WW.PY sensi multiplier[SludgeToHTL]:CHC.FCI  sensi multiplier[Brownfield],9954,454,True,retained_by_at_least_one_output,4.581898921963323,hc3_wald_95_percent_drop_if_zero_compatible_for_all_outputs,0.05
SE.Debt Interest Rate as pct[Jet],9954,1050,True,retained_by_at_least_one_output,64.5885540518862,hc3_wald_95_percent_drop_if_zero_compatible_for_all_outputs,0.05
inverse_WW.ORNOOC sensi multiplier[SludgeToHTL],9954,681,True,retained_by_at_least_one_output,4.706760167712469,hc3_wald_95_percent_drop_if_zero_compatible_for_all_outputs,0.05
"OHC.Policy Duration[Price,HEFA]",9954,770,True,retained_by_at_least_one_output,14.750318512365489,hc3_wald_95_percent_drop_if_zero_compatible_for_all_outputs,0.05
CHC.FCI  sensi multiplier[Biochem],9954,881,True,retained_by_at_least_one_output,69.59197995838686,hc3_wald_95_percent_drop_if_zero_compatible_for_all_outputs,0.05
log1p_OHC.Mature Industry Rate of Return as PCT[HEFA],9954,686,True,retained_by_at_least_one_output,16.20126159034434,hc3_wald_95_percent_drop_if_zero_compatible_for_all_outputs,0.05
"OHC.Policy Duration[Price,TransEster]",9954,1349,True,retained_by_at_least_one_output,61.46965688042267,hc3_wald_95_percent_drop_if_zero_compatible_for_all_outputs,0.05
OHC.PY sensi multiplier[HEFABrownfield]:OHC.ORNOOC sensi multiplier[HEFABrownfield],9954,1428,True,retained_by_at_least_one_output,112.89898453909463,hc3_wald_95_percent_drop_if_zero_compatible_for_all_outputs,0.05
CHC.Mature Industry Rate of Return as PCT[Brownfield]:AHC.Mature Industry Rate of Return as PCT[HTL],9954,2799,True,retained_by_at_least_one_output,4.297612850462169,hc3_wald_95_percent_drop_if_zero_compatible_for_all_outputs,0.05
inverse_AHC.FCI  sensi multiplier[HTL],9954,382,True,retained_by_at_least_one_output,22.438753307822775,hc3_wald_95_percent_drop_if_zero_compatible_for_all_outputs,0.05
OHC.ORNOOC sensi multiplier[HEFABrownfield]:SE.progress ratios commercial[Jet],9954,442,True,retained_by_at_least_one_output,3.4490080508958885,hc3_wald_95_percent_drop_if_zero_compatible_for_all_outputs,0.05
inverse_CHC.initial indices of Commercial Maturity[Brownfield],9954,687,True,retained_by_at_least_one_output,7.477655324700918,hc3_wald_95_percent_drop_if_zero_compatible_for_all_outputs,0.05
"SE.Policy Duration[Price,Jet]",9954,1496,True,retained_by_at_least_one_output,19.135010826788598,hc3_wald_95_percent_drop_if_zero_compatible_for_all_outputs,0.05
OHC.Debt Interest Rate as pct[HEFA],9954,1701,True,retained_by_at_least_one_output,130.01084226999308,hc3_wald_95_percent_drop_if_zero_compatible_for_all_outputs,0.05
CHC.PY sensi multiplier[Biochem],9954,607,True,retained_by_at_least_one_output,137.43385937990536,hc3_wald_95_percent_drop_if_zero_compatible_for_all_outputs,0.05
OHC.Retirement Frac[TransEster]:OHC.ORNOOC sensi multiplier[HEFABrownfield],9954,723,True,retained_by_at_least_one_output,7.611801625370988,hc3_wald_95_percent_drop_if_zero_compatible_for_all_outputs,0.05
"WW.Policy Duration[Price,SludgeToHTL]",9954,2757,True,retained_by_at_least_one_output,55.87140824804013,hc3_wald_95_percent_drop_if_zero_compatible_for_all_outputs,0.05
OHC.PY sensi multiplier[HEFABrownfield]:CHC.progress ratios commercial[Brownfield],9954,504,True,retained_by_at_least_one_output,3.399296844018892,hc3_wald_95_percent_drop_if_zero_compatible_for_all_outputs,0.05
inverse_OHC.progress ratios commercial[HEFABrownfield],9954,522,True,retained_by_at_least_one_output,11.40967522238665,hc3_wald_95_percent_drop_if_zero_compatible_for_all_outputs,0.05
"CHC.Policy Duration[Price,Thermochem]",9954,1399,True,retained_by_at_least_one_output,5.719253702676465,hc3_wald_95_percent_drop_if_zero_compatible_for_all_outputs,0.05
OHC.Mature Industry Rate of Return as PCT[HEFABrownfield],9954,1535,True,retained_by_at_least_one_output,152.4431595121687,hc3_wald_95_percent_drop_if_zero_compatible_for_all_outputs,0.05
OHC.progress ratios commercial[HEFABrownfield],9954,456,True,retained_by_at_least_one_output,11.427501339357796,hc3_wald_95_percent_drop_if_zero_compatible_for_all_outputs,0.05
CHC.Mature Industry Rate of Return as PCT[Brownfield]:SE.progress ratios commercial[Jet],9954,508,True,retained_by_at_least_one_output,3.7659192059979802,hc3_wald_95_percent_drop_if_zero_compatible_for_all_outputs,0.05
"OHC.Policy Duration[Price,HEFABrownfield]",9954,402,True,retained_by_at_least_one_output,14.137389274817943,hc3_wald_95_percent_drop_if_zero_compatible_for_all_outputs,0.05
"OHC.progress ratios commercial[HEFA]:CHC.Policy Duration[Price,Thermochem]",9954,357,True,retained_by_at_least_one_output,3.3760171417878624,hc3_wald_95_percent_drop_if_zero_compatible_for_all_outputs,0.05
"WW.Mature Industry Rate of Return as PCT[ManureToHTL]:OHC.Policy Duration[Price,HEFABrownfield]",9954,223,True,retained_by_at_least_one_output,3.547489739925976,hc3_wald_95_percent_drop_if_zero_compatible_for_all_outputs,0.05
inverse_SE.FCI  sensi multiplier[Jet],9954,303,True,retained_by_at_least_one_output,3.595979703764225,hc3_wald_95_percent_drop_if_zero_compatible_for_all_outputs,0.05
"CHC.FCI  sensi multiplier[Thermochem]:CHC.Policy Duration[Price,Thermochem]",9954,530,True,retained_by_at_least_one_output,6.106887008938194,hc3_wald_95_percent_drop_if_zero_compatible_for_all_outputs,0.05
inverse_SE.initial indices of Commercial Maturity[Jet],9954,805,True,retained_by_at_least_one_output,15.711679930453167,hc3_wald_95_percent_drop_if_zero_compatible_for_all_outputs,0.05
inverse_OHC.progress ratios commercial[HEFA],9954,1743,True,retained_by_at_least_one_output,18.20025794225015,hc3_wald_95_percent_drop_if_zero_compatible_for_all_outputs,0.05
WW.Debt Interest Rate as pct[SludgeToHTL],9954,3564,True,retained_by_at_least_one_output,108.17319439621899,hc3_wald_95_percent_drop_if_zero_compatible_for_all_outputs,0.05
CHC.Debt Interest Rate as pct[Brownfield],9954,1345,True,retained_by_at_least_one_output,15.671291260051602,hc3_wald_95_percent_drop_if_zero_compatible_for_all_outputs,0.05
"SE.initial indices of Commercial Maturity[Jet]:CHC.Policy Duration[Price,Thermochem]",9954,314,True,retained_by_at_least_one_output,3.563352476066885,hc3_wald_95_percent_drop_if_zero_compatible_for_all_outputs,0.05
"OHC.Policy Duration[Price,HEFA]:WW.Policy Duration[Price,ManureToHTL]",9954,293,True,retained_by_at_least_one_output,2.822704679766415,hc3_wald_95_percent_drop_if_zero_compatible_for_all_outputs,0.05
CHC.PY sensi multiplier[Brownfield]:CHC.ORNOOC sensi multiplier[Thermochem],9954,1168,True,retained_by_at_least_one_output,3.6512502293181597,hc3_wald_95_percent_drop_if_zero_compatible_for_all_outputs,0.05
inverse_OHC.ORNOOC sensi multiplier[HEFABrownfield],9954,203,True,retained_by_at_least_one_output,6.933536977660234,hc3_wald_95_percent_drop_if_zero_compatible_for_all_outputs,0.05
"SE.Policy Duration[Price,Jet]:OHC.Policy Duration[Price,HEFABrownfield]",9954,342,True,retained_by_at_least_one_output,4.0380047984304905,hc3_wald_95_percent_drop_if_zero_compatible_for_all_outputs,0.05
"CHC.Policy Duration[Price,Brownfield]",9954,1322,True,retained_by_at_least_one_output,14.542522306164333,hc3_wald_95_percent_drop_if_zero_compatible_for_all_outputs,0.05
sqrt_CHC.progress ratios commercial[Thermochem],9954,2355,True,retained_by_at_least_one_output,30.926653502627147,hc3_wald_95_percent_drop_if_zero_compatible_for_all_outputs,0.05
inverse_AHC.Mature Industry Rate of Return as PCT[HTL],9954,547,True,retained_by_at_least_one_output,100.79485633128252,hc3_wald_95_percent_drop_if_zero_compatible_for_all_outputs,0.05
"WW.progress ratios commercial[SludgeToHTL]:CHC.Policy Duration[Price,Thermochem]",9954,328,True,retained_by_at_least_one_output,3.310454632930804,hc3_wald_95_percent_drop_if_zero_compatible_for_all_outputs,0.05
inverse_CHC.Debt Interest Rate as pct[Thermochem],9954,391,True,retained_by_at_least_one_output,4.142149211897084,hc3_wald_95_percent_drop_if_zero_compatible_for_all_outputs,0.05
SE.progress ratios commercial[Jet],9954,2753,True,retained_by_at_least_one_output,21.59651542109597,hc3_wald_95_percent_drop_if_zero_compatible_for_all_outputs,0.05
inverse_CHC.progress ratios commercial[Brownfield],9954,673,True,retained_by_at_least_one_output,7.17752762534685,hc3_wald_95_percent_drop_if_zero_compatible_for_all_outputs,0.05
CHC.FCI  sensi multiplier[Biochem]:OHC.ORNOOC sensi multiplier[HEFABrownfield],9954,503,True,retained_by_at_least_one_output,3.356094770137693,hc3_wald_95_percent_drop_if_zero_compatible_for_all_outputs,0.05
WW.initial indices of Commercial Maturity[SludgeToHTL]:OHC.ORNOOC sensi multiplier[HEFABrownfield],9954,93,True,retained_by_at_least_one_output,3.191916509285737,hc3_wald_95_percent_drop_if_zero_compatible_for_all_outputs,0.05
"SE.Policy Duration[Price,Jet]_squared",9954,1341,True,retained_by_at_least_one_output,18.15842516119513,hc3_wald_95_percent_drop_if_zero_compatible_for_all_outputs,0.05
inverse_OHC.Retirement Frac[TransEster],9954,786,True,retained_by_at_least_one_output,11.051670733871683,hc3_wald_95_percent_drop_if_zero_compatible_for_all_outputs,0.05
CHC.Debt Interest Rate as pct[Biochem],9954,493,True,retained_by_at_least_one_output,3.397935426164656,hc3_wald_95_percent_drop_if_zero_compatible_for_all_outputs,0.05
inverse_AHC.FCI  sensi multiplier[HEFA],9954,543,True,retained_by_at_least_one_output,7.989176942177814,hc3_wald_95_percent_drop_if_zero_compatible_for_all_outputs,0.05
"OHC.Policy Duration[FCI,HEFABrownfield]",9954,304,True,retained_by_at_least_one_output,3.2951087263097536,hc3_wald_95_percent_drop_if_zero_compatible_for_all_outputs,0.05
"WW.Policy Duration[Price,ManureToHTL]:OHC.Policy Duration[Price,HEFABrownfield]",9954,434,True,retained_by_at_least_one_output,3.2174913286999405,hc3_wald_95_percent_drop_if_zero_compatible_for_all_outputs,0.05
CHC.Debt Interest Rate as pct[Biochem]_squared,9954,423,True,retained_by_at_least_one_output,3.4907802381027935,hc3_wald_95_percent_drop_if_zero_compatible_for_all_outputs,0.05
"CHC.Policy Duration[Price,Thermochem]:OHC.Policy Duration[FCI,HEFABrownfield]",9954,286,True,retained_by_at_least_one_output,3.5428463924540026,hc3_wald_95_percent_drop_if_zero_compatible_for_all_outputs,0.05
inverse_CHC.initial indices of Commercial Maturity[Biochem],9954,1988,True,retained_by_at_least_one_output,6.188530917143914,hc3_wald_95_percent_drop_if_zero_compatible_for_all_outputs,0.05
WW.progress ratios commercial[ManureToHTL]_squared,9954,285,True,retained_by_at_least_one_output,3.720636581594181,hc3_wald_95_percent_drop_if_zero_compatible_for_all_outputs,0.05
