scenario,method,eval_nrmse
sparse_strong_hierarchical,oracle_ols,0.29949194222664444
sparse_strong_hierarchical,elastic_net,0.3509424590586481
sparse_strong_hierarchical,gbt_surrogate,0.4743402667264096
sparse_strong_hierarchical,proposed_workflow,0.28831858816672873
weak_signal,oracle_ols,0.5267561353502418
weak_signal,elastic_net,0.5707279439392424
weak_signal,gbt_surrogate,0.6194707775894635
weak_signal,proposed_workflow,0.49860378894100593
correlated_redundant,oracle_ols,0.46487261071605596
correlated_redundant,elastic_net,0.41700487713073897
correlated_redundant,gbt_surrogate,0.596589192325978
correlated_redundant,proposed_workflow,0.3294387985333024
pure_interaction,oracle_ols,0.9882296617890294
pure_interaction,elastic_net,0.9995424041575836
pure_interaction,gbt_surrogate,0.9798521073634955
pure_interaction,proposed_workflow,1.000571844114324
nonlinear_misspecified,oracle_ols,0.4078909662528811
nonlinear_misspecified,elastic_net,0.3711623016159681
nonlinear_misspecified,gbt_surrogate,0.39110620324494966
nonlinear_misspecified,proposed_workflow,0.9881244624739588
