scenario,family,precision_mean,precision_se,recall_mean,recall_se,fdp_mean,fdp_se,exact_support_recovery_mean,exact_support_recovery_se,selected_size_mean,selected_size_se
sparse_strong_hierarchical,main,0.891904761904762,0.029960191593510325,1.0,0.0,0.10809523809523809,0.029960191593510332,0.55,0.11413288653790231,4.6,0.1835325870964494
sparse_strong_hierarchical,interaction,1.0,0.0,1.0,0.0,0.0,0.0,1.0,0.0,1.0,0.0
sparse_strong_hierarchical,transformation,0.975,0.025000000000000005,1.0,0.0,0.025,0.024999999999999994,0.95,0.05000000000000001,1.05,0.05000000000000001
sparse_strong_hierarchical,whole,0.9086309523809524,0.025635914376506266,1.0,0.0,0.0913690476190476,0.025635914376506266,0.55,0.11413288653790231,5.6,0.1835325870964494
weak_signal,main,0.8483333333333333,0.035332588538989004,1.0,0.0,0.15166666666666667,0.035332588538989,0.45,0.11413288653790232,4.9,0.2395170579575317
weak_signal,interaction,1.0,0.0,1.0,0.0,0.0,0.0,1.0,0.0,1.0,0.0
weak_signal,transformation,0.975,0.025000000000000005,1.0,0.0,0.025,0.024999999999999994,0.95,0.05000000000000001,1.05,0.05000000000000001
weak_signal,whole,0.8706349206349205,0.030608807982706283,1.0,0.0,0.12936507936507932,0.030608807982706283,0.45,0.11413288653790232,5.9,0.2395170579575317
correlated_redundant,main,0.8131546231546232,0.026672726019501332,1.0,0.0,0.1868453768453769,0.026672726019501332,0.15,0.08191780219091253,10.05,0.3439323678925996
correlated_redundant,interaction,0.975,0.025000000000000005,0.5,0.11470786693528086,0.025,0.024999999999999994,0.45,0.11413288653790232,0.55,0.1352385806055747
correlated_redundant,transformation,0.0,0.0,1.0,0.0,1.0,0.0,0.0,0.0,5.9,0.06882472016116853
correlated_redundant,whole,0.8159770784770783,0.02685617907157835,0.9444444444444444,0.012745318548364547,0.18402292152292152,0.026856179071578352,0.1,0.06882472016116853,10.6,0.3195391418244324
pure_interaction,main,0.95,0.05000000000000001,1.0,0.0,0.05,0.04999999999999999,0.95,0.05000000000000001,0.2,0.19999999999999996
pure_interaction,interaction,1.0,0.0,0.0,0.0,0.0,0.0,0.0,0.0,0.0,0.0
pure_interaction,transformation,1.0,0.0,1.0,0.0,0.0,0.0,1.0,0.0,0.0,0.0
pure_interaction,whole,0.95,0.05000000000000001,0.0,0.0,0.05,0.04999999999999999,0.0,0.0,0.2,0.19999999999999996
nonlinear_misspecified,main,0.9149999999999998,0.04660867323849319,0.15,0.08191780219091253,0.085,0.046608673238493194,0.0,0.0,0.7,0.38457084762382243
nonlinear_misspecified,interaction,1.0,0.0,1.0,0.0,0.0,0.0,1.0,0.0,0.0,0.0
nonlinear_misspecified,transformation,1.0,0.0,0.15,0.08191780219091253,0.0,0.0,0.15,0.08191780219091253,0.3,0.16383560438182507
nonlinear_misspecified,whole,0.9149999999999998,0.04660867323849319,0.15,0.08191780219091253,0.085,0.046608673238493194,0.0,0.0,0.7,0.38457084762382243
