scenario,replicate,seed,n_selected_main,n_selected_interactions,n_selected_nonlinear,n_true_main,n_true_interactions,n_true_nonlinear,eval_nrmse_oracle_ols,eval_nrmse_elastic_net,eval_nrmse_gbt_surrogate,eval_nrmse_proposed_workflow
global_null,0,191664964,0,0,0,0,0,0,,,,
global_null,1,1662057958,0,0,0,0,0,0,,,,
global_null,2,1405681632,0,0,0,0,0,0,,,,
global_null,3,942484272,0,0,0,0,0,0,,,,
global_null,4,929893138,0,0,0,0,0,0,,,,
global_null,5,1843824993,0,0,0,0,0,0,,,,
global_null,6,184566854,0,0,0,0,0,0,,,,
global_null,7,1497586439,0,0,0,0,0,0,,,,
global_null,8,432652533,0,0,0,0,0,0,,,,
global_null,9,202244314,0,0,0,0,0,0,,,,
global_null,10,1130604998,0,0,0,0,0,0,,,,
global_null,11,2095133046,0,0,0,0,0,0,,,,
global_null,12,1580016184,0,0,0,0,0,0,,,,
global_null,13,1634535063,0,0,0,0,0,0,,,,
global_null,14,1540770720,0,0,0,0,0,0,,,,
global_null,15,1688060241,0,0,0,0,0,0,,,,
global_null,16,1102145673,0,0,0,0,0,0,,,,
global_null,17,275121931,0,0,0,0,0,0,,,,
global_null,18,1803345591,5,2,0,0,0,0,,,,
global_null,19,967196436,0,0,0,0,0,0,,,,
global_null,20,1074497556,0,0,0,0,0,0,,,,
global_null,21,796282693,0,0,0,0,0,0,,,,
global_null,22,392022359,0,0,0,0,0,0,,,,
global_null,23,1990212659,0,0,0,0,0,0,,,,
global_null,24,1678403331,0,0,0,0,0,0,,,,
global_null,25,1382689816,0,0,0,0,0,0,,,,
global_null,26,864178267,4,0,0,0,0,0,,,,
global_null,27,1766867110,0,0,0,0,0,0,,,,
global_null,28,1171300113,0,0,0,0,0,0,,,,
global_null,29,952224741,0,0,0,0,0,0,,,,
global_null,30,967354525,0,0,0,0,0,0,,,,
global_null,31,487991439,0,0,0,0,0,0,,,,
global_null,32,197860369,0,0,0,0,0,0,,,,
global_null,33,1190961761,0,0,0,0,0,0,,,,
global_null,34,1906728919,0,0,0,0,0,0,,,,
global_null,35,137046513,0,0,0,0,0,0,,,,
global_null,36,1843166519,0,0,0,0,0,0,,,,
global_null,37,1777324408,0,0,0,0,0,0,,,,
global_null,38,594336918,0,0,0,0,0,0,,,,
global_null,39,1356488968,0,0,0,0,0,0,,,,
global_null,40,354826746,0,0,0,0,0,0,,,,
global_null,41,1627981025,0,0,0,0,0,0,,,,
global_null,42,1504361615,0,0,0,0,0,0,,,,
global_null,43,761338719,0,0,0,0,0,0,,,,
global_null,44,145857092,0,0,0,0,0,0,,,,
global_null,45,2084558134,0,0,0,0,0,0,,,,
global_null,46,957106590,0,0,0,0,0,0,,,,
global_null,47,1917963003,0,0,0,0,0,0,,,,
global_null,48,1455819992,0,0,0,0,0,0,,,,
global_null,49,1671565831,0,0,0,0,0,0,,,,
global_null,50,1631871624,0,0,0,0,0,0,,,,
global_null,51,417983442,0,0,0,0,0,0,,,,
global_null,52,781482251,0,0,0,0,0,0,,,,
global_null,53,1002275723,0,0,0,0,0,0,,,,
global_null,54,1068999196,0,0,0,0,0,0,,,,
global_null,55,94067870,0,0,0,0,0,0,,,,
global_null,56,1173749072,0,0,0,0,0,0,,,,
global_null,57,331334161,0,0,0,0,0,0,,,,
global_null,58,1596387605,0,0,0,0,0,0,,,,
global_null,59,1466836457,0,0,0,0,0,0,,,,
global_null,60,1981113450,0,0,0,0,0,0,,,,
global_null,61,1599364551,0,0,0,0,0,0,,,,
global_null,62,787359109,0,0,0,0,0,0,,,,
global_null,63,2077711329,0,0,0,0,0,0,,,,
global_null,64,882294417,0,0,0,0,0,0,,,,
global_null,65,699704628,0,0,0,0,0,0,,,,
global_null,66,1944623249,0,0,0,0,0,0,,,,
global_null,67,795556160,0,0,0,0,0,0,,,,
global_null,68,163945743,0,0,0,0,0,0,,,,
global_null,69,1008363426,0,0,0,0,0,0,,,,
global_null,70,1708709736,0,0,0,0,0,0,,,,
global_null,71,406886645,0,0,0,0,0,0,,,,
global_null,72,994157307,0,0,0,0,0,0,,,,
global_null,73,279004308,0,0,0,0,0,0,,,,
global_null,74,1474200732,0,0,0,0,0,0,,,,
global_null,75,1021568550,0,0,0,0,0,0,,,,
global_null,76,709091226,0,0,0,0,0,0,,,,
global_null,77,487284116,0,0,0,0,0,0,,,,
global_null,78,1212254291,0,0,0,0,0,0,,,,
global_null,79,1438414600,0,0,0,0,0,0,,,,
global_null,80,2019291965,0,0,0,0,0,0,,,,
global_null,81,938776597,0,0,0,0,0,0,,,,
global_null,82,345075200,0,0,0,0,0,0,,,,
global_null,83,1788162810,0,0,0,0,0,0,,,,
global_null,84,1352408539,0,0,0,0,0,0,,,,
global_null,85,1503807855,0,0,0,0,0,0,,,,
global_null,86,208792607,0,0,0,0,0,0,,,,
global_null,87,670802254,0,0,0,0,0,0,,,,
global_null,88,1648932250,0,0,0,0,0,0,,,,
global_null,89,1787264314,0,0,0,0,0,0,,,,
global_null,90,934620677,0,0,0,0,0,0,,,,
global_null,91,1728218298,0,0,0,0,0,0,,,,
global_null,92,1807519525,0,0,0,0,0,0,,,,
global_null,93,832103482,0,0,0,0,0,0,,,,
global_null,94,1928628491,0,0,0,0,0,0,,,,
global_null,95,619179888,0,0,0,0,0,0,,,,
global_null,96,514446424,0,0,0,0,0,0,,,,
global_null,97,1465647934,0,0,0,0,0,0,,,,
global_null,98,1367435608,0,0,0,0,0,0,,,,
global_null,99,300116173,0,0,0,0,0,0,,,,
interaction_null,0,1788288546,5,0,1,4,0,1,,,,
interaction_null,1,429299595,6,0,1,4,0,1,,,,
interaction_null,2,1728507683,5,0,1,4,0,1,,,,
interaction_null,3,15810353,4,0,1,4,0,1,,,,
interaction_null,4,1711206424,5,0,1,4,0,1,,,,
interaction_null,5,1689907232,5,0,1,4,0,1,,,,
interaction_null,6,1675819613,5,0,1,4,0,1,,,,
interaction_null,7,1427756342,6,0,1,4,0,1,,,,
interaction_null,8,1012682731,4,0,1,4,0,1,,,,
interaction_null,9,1514331119,5,0,1,4,0,1,,,,
interaction_null,10,595114158,4,0,1,4,0,1,,,,
interaction_null,11,1676602827,4,0,1,4,0,1,,,,
interaction_null,12,1193242762,8,0,1,4,0,1,,,,
interaction_null,13,985514123,4,0,1,4,0,1,,,,
interaction_null,14,1085781156,4,0,1,4,0,1,,,,
interaction_null,15,1221362418,8,1,1,4,0,1,,,,
interaction_null,16,80020205,4,0,1,4,0,1,,,,
interaction_null,17,300211767,6,1,1,4,0,1,,,,
interaction_null,18,527166791,5,0,1,4,0,1,,,,
interaction_null,19,245951460,4,0,1,4,0,1,,,,
interaction_null,20,944062963,5,0,1,4,0,1,,,,
interaction_null,21,1435384430,4,0,1,4,0,1,,,,
interaction_null,22,1405375275,4,0,1,4,0,1,,,,
interaction_null,23,1011671399,4,0,1,4,0,1,,,,
interaction_null,24,1836270334,6,0,1,4,0,1,,,,
interaction_null,25,1213835295,4,0,1,4,0,1,,,,
interaction_null,26,170075129,4,0,1,4,0,1,,,,
interaction_null,27,1642822537,6,0,1,4,0,1,,,,
interaction_null,28,1233945443,5,0,1,4,0,1,,,,
interaction_null,29,1363047213,4,0,1,4,0,1,,,,
interaction_null,30,1214129971,4,0,1,4,0,1,,,,
interaction_null,31,1188802710,5,0,1,4,0,1,,,,
interaction_null,32,194489917,7,0,1,4,0,1,,,,
interaction_null,33,1200888233,5,0,1,4,0,1,,,,
interaction_null,34,1707061845,4,0,1,4,0,1,,,,
interaction_null,35,652727865,5,0,1,4,0,1,,,,
interaction_null,36,1294585271,4,0,1,4,0,1,,,,
interaction_null,37,66180795,6,0,1,4,0,1,,,,
interaction_null,38,746248854,4,0,1,4,0,1,,,,
interaction_null,39,937843452,4,0,1,4,0,1,,,,
interaction_null,40,2110414631,5,0,1,4,0,1,,,,
interaction_null,41,460817075,5,0,1,4,0,1,,,,
interaction_null,42,593883019,8,0,1,4,0,1,,,,
interaction_null,43,877308582,5,0,1,4,0,1,,,,
interaction_null,44,2131733184,4,0,1,4,0,1,,,,
interaction_null,45,1832669144,4,0,1,4,0,1,,,,
interaction_null,46,74502574,5,0,1,4,0,1,,,,
interaction_null,47,502381220,4,0,1,4,0,1,,,,
interaction_null,48,1764532445,4,0,1,4,0,1,,,,
interaction_null,49,125204184,4,0,1,4,0,1,,,,
interaction_null,50,1837539165,8,0,1,4,0,1,,,,
interaction_null,51,604267306,4,0,1,4,0,1,,,,
interaction_null,52,1970642946,8,1,1,4,0,1,,,,
interaction_null,53,630487793,5,0,1,4,0,1,,,,
interaction_null,54,932688238,4,0,1,4,0,1,,,,
interaction_null,55,1421454891,4,0,1,4,0,1,,,,
interaction_null,56,271185814,4,0,1,4,0,1,,,,
interaction_null,57,1196217438,4,0,1,4,0,1,,,,
interaction_null,58,1084512518,5,0,1,4,0,1,,,,
interaction_null,59,1683408585,5,0,1,4,0,1,,,,
interaction_null,60,2139123294,5,0,1,4,0,1,,,,
interaction_null,61,1426602464,5,0,1,4,0,1,,,,
interaction_null,62,878721193,5,0,1,4,0,1,,,,
interaction_null,63,872709139,4,0,1,4,0,1,,,,
interaction_null,64,897559571,5,0,1,4,0,1,,,,
interaction_null,65,1748095465,5,0,1,4,0,1,,,,
interaction_null,66,689805533,4,0,1,4,0,1,,,,
interaction_null,67,358571615,4,0,1,4,0,1,,,,
interaction_null,68,717885406,5,0,1,4,0,1,,,,
interaction_null,69,48773805,4,0,1,4,0,1,,,,
interaction_null,70,227939461,5,0,0,4,0,1,,,,
interaction_null,71,193376308,5,0,1,4,0,1,,,,
interaction_null,72,1656896192,4,0,0,4,0,1,,,,
interaction_null,73,1551254893,5,0,1,4,0,1,,,,
interaction_null,74,1496303882,4,0,1,4,0,1,,,,
interaction_null,75,991873799,5,0,1,4,0,1,,,,
interaction_null,76,1539871430,4,0,1,4,0,1,,,,
interaction_null,77,346328508,5,0,1,4,0,1,,,,
interaction_null,78,1934070333,4,0,1,4,0,1,,,,
interaction_null,79,1075985461,5,0,0,4,0,1,,,,
interaction_null,80,2014450024,5,0,1,4,0,1,,,,
interaction_null,81,327087749,4,0,1,4,0,1,,,,
interaction_null,82,1068008206,4,0,1,4,0,1,,,,
interaction_null,83,1495336619,4,0,1,4,0,1,,,,
interaction_null,84,1064348453,4,0,1,4,0,1,,,,
interaction_null,85,958113306,5,0,1,4,0,1,,,,
interaction_null,86,356942049,5,0,1,4,0,1,,,,
interaction_null,87,818236852,4,0,1,4,0,1,,,,
interaction_null,88,512746651,5,0,1,4,0,1,,,,
interaction_null,89,647492281,6,0,1,4,0,1,,,,
interaction_null,90,1468235992,4,0,1,4,0,1,,,,
interaction_null,91,1353521562,7,0,1,4,0,1,,,,
interaction_null,92,1303944408,6,0,1,4,0,1,,,,
interaction_null,93,776986664,8,0,1,4,0,1,,,,
interaction_null,94,2060924130,5,0,1,4,0,1,,,,
interaction_null,95,188226768,5,0,1,4,0,1,,,,
interaction_null,96,735708086,4,0,1,4,0,1,,,,
interaction_null,97,253415745,5,0,1,4,0,1,,,,
interaction_null,98,727876280,5,0,1,4,0,1,,,,
interaction_null,99,2065659505,4,0,1,4,0,1,,,,
sparse_strong_hierarchical,0,786544956,5,3,1,4,2,1,0.3753701918983228,0.542329953509976,0.5043616354610274,0.27098740565931
sparse_strong_hierarchical,1,1951162176,4,2,1,4,2,1,0.36947300405066874,0.5519953182550725,0.4942453871933903,0.27315604777912217
sparse_strong_hierarchical,2,1063145406,4,2,1,4,2,1,0.33078655349013236,0.4172874566162106,0.4593282958549834,0.29096715811559287
sparse_strong_hierarchical,3,1502609628,5,2,1,4,2,1,0.30442744406996053,0.5172557782261752,0.5152344175618753,0.27423152635127873
sparse_strong_hierarchical,4,982296572,6,2,1,4,2,1,0.5530763864640948,0.565856876476289,0.4555699178473263,0.2651157120223984
sparse_strong_hierarchical,5,570951394,5,3,1,4,2,1,0.32922251036414946,0.557505903562749,0.5500413741043086,0.28867136213030387
sparse_strong_hierarchical,6,1641170253,5,2,2,4,2,1,0.4405738558174576,0.4628430819147378,0.48355590561023915,0.2723265233544731
sparse_strong_hierarchical,7,2081290422,4,3,1,4,2,1,0.3545704778237304,0.4020004073793017,0.387816730999386,0.2828603503856645
sparse_strong_hierarchical,8,565915329,4,2,1,4,2,1,0.3576358381137426,0.6383731761697939,0.4674030712177807,0.2883212211976246
sparse_strong_hierarchical,9,1672354832,5,4,1,4,2,1,0.2948675383931663,0.5674732878315081,0.5157282961227869,0.26606053900655047
sparse_strong_hierarchical,10,560793882,5,3,1,4,2,1,0.29497261062984015,0.5424160144250502,0.5089990393663173,0.27383894187885005
sparse_strong_hierarchical,11,1539509958,5,2,1,4,2,1,0.421611852922867,0.44649094086990365,0.4953109729466864,0.27550954200582267
sparse_strong_hierarchical,12,1694378690,6,3,1,4,2,1,0.2784333252333369,0.3613659167857335,0.4475027450549774,0.2760523352592662
sparse_strong_hierarchical,13,964996477,5,3,1,4,2,1,0.31105649854269257,0.6474791425558988,0.5507186388908039,0.26349336730994266
sparse_strong_hierarchical,14,1582522788,5,2,1,4,2,1,0.31447112001160366,0.5059255528329829,0.49642829872262617,0.2796455294315606
sparse_strong_hierarchical,15,584634302,7,6,1,4,2,1,0.4500767065998969,0.4767374672257608,0.42914659778911907,0.2800093465837793
sparse_strong_hierarchical,16,170195625,4,2,1,4,2,1,0.34986375007135256,0.515333158183465,0.4982594436822597,0.27198961826152934
sparse_strong_hierarchical,17,206998015,4,4,2,4,2,1,0.27417439819523254,0.7251207083005604,0.6467341333171857,0.2739546720795096
sparse_strong_hierarchical,18,959976128,5,3,1,4,2,1,0.5364040478028527,0.5931088987271891,0.48439187886450075,0.2946839142289573
sparse_strong_hierarchical,19,1938323887,4,3,1,4,2,1,0.3228179248010998,0.507609404537812,0.4985575262831443,0.27772351292069974
weak_signal,0,978772129,5,2,2,4,2,1,0.4988394232698896,0.5967650875048818,0.5966065118566024,0.4941403877646359
weak_signal,1,1511897337,5,4,1,4,2,1,0.5693362096024792,0.6493401851423084,0.5950944640151263,0.5024848942269421
weak_signal,2,434572016,4,2,1,4,2,1,0.5533516473799724,0.5685617693549732,0.5854904619955394,0.496573595402075
weak_signal,3,1549659416,9,2,1,4,2,1,0.5462345279812632,0.6651351858411794,0.5933543145147443,0.4723165260724424
weak_signal,4,657036847,4,2,1,4,2,1,0.5673995080044602,0.6678992650656946,0.582481648929126,0.4993959790584001
weak_signal,5,1736585730,5,2,1,4,2,1,0.5311810681205563,0.6462362059554857,0.6453308863205511,0.5108997813608598
weak_signal,6,1243864552,5,2,1,4,2,1,0.5541651924514884,0.7291266342431818,0.6552580733315969,0.4961092118296072
weak_signal,7,1174474424,5,2,1,4,2,1,0.5054130914954805,0.5329267351521958,0.5640200205867314,0.49867885557223085
weak_signal,8,379616660,4,2,1,4,2,1,0.5053619804495036,0.6701150398052969,0.6330763839879855,0.4997357980774541
weak_signal,9,994727115,8,2,1,4,2,1,0.5764701546225054,0.6739340505965573,0.6173130786599953,0.5088275661149404
weak_signal,10,1839565167,4,2,1,4,2,1,0.5615107051398907,0.7462040691687537,0.6360032440280536,0.49397897234773586
weak_signal,11,41927453,4,2,1,4,2,1,0.5370465948063813,0.7117984966361351,0.5924348785045641,0.5038136504671208
weak_signal,12,1628908287,5,2,1,4,2,1,0.5011414933859577,0.7080434602530161,0.6438407401509337,0.4772419449056548
weak_signal,13,1058199178,5,2,1,4,2,1,0.5864493638041635,0.6079028094925826,0.6090621390945765,0.49325182362159703
weak_signal,14,1545034933,6,2,1,4,2,1,0.5208255239970198,0.6197990793067508,0.6036540361696087,0.4909189138004862
weak_signal,15,1424421636,5,3,1,4,2,1,0.5080429286142868,0.629133834846751,0.6345448850576036,0.4944235188510699
weak_signal,16,927912737,4,3,1,4,2,1,0.5097387658776933,0.6158270362524575,0.6192790896053585,0.4942224826713875
weak_signal,17,662857766,4,2,1,4,2,1,0.5855075193311068,0.6798942408157819,0.597057603742922,0.492763535272802
weak_signal,18,1347135477,4,2,1,4,2,1,0.534738645064575,0.5652117175318448,0.5949022985238878,0.49366200869160787
weak_signal,19,301129327,5,3,1,4,2,1,0.5163708818042921,0.6145817045042977,0.5965064460629815,0.48172851357666785
correlated_redundant,0,203355303,9,4,6,8,2,0,0.36646206030408296,0.5096868314558356,0.504280856710594,0.3335193232787783
correlated_redundant,1,1395534950,8,3,6,8,2,0,0.3950805653692743,0.5864084098332862,0.5127429541913965,0.32941722105819105
correlated_redundant,2,1350220222,12,6,6,8,2,0,0.39558855015703737,0.5267067891412979,0.6023019476395178,0.33697385087091863
correlated_redundant,3,181342798,10,6,4,8,2,0,0.3946871466562161,0.4959790137670415,0.5277047949712707,0.333502767382144
correlated_redundant,4,1626692869,10,6,6,8,2,0,0.393910093485699,0.4756540211665275,0.4837519036692043,0.33706646485277325
correlated_redundant,5,892939596,10,2,6,8,2,0,0.40807688747176496,0.4427898633626887,0.5186318114641107,0.3428129987928955
correlated_redundant,6,1689825801,12,2,6,8,2,0,0.42508524356872296,0.41281042205723073,0.46306284615352744,0.33310247839788387
correlated_redundant,7,89365757,13,3,6,8,2,0,0.370017168608009,0.39861994482570834,0.45230368956599065,0.338390843624586
correlated_redundant,8,385379896,8,2,6,8,2,0,0.42344699043247763,0.45932754183987623,0.5265521311684591,0.3306228512088953
correlated_redundant,9,1060837206,10,6,6,8,2,0,0.4524922875173071,0.4651452942251304,0.45762849126280886,0.33246856894560406
correlated_redundant,10,404210479,10,4,6,8,2,0,0.4447224270549651,0.42664266735686945,0.4787413376860277,0.33446111726568184
correlated_redundant,11,708371559,10,2,2,8,2,0,0.3981706724132293,0.40738816860128774,0.5061838025403889,0.33597922920707957
correlated_redundant,12,1418625644,9,3,6,8,2,0,0.383973680228451,0.6627877747069809,0.5657546965411029,0.33646172929849494
correlated_redundant,13,310363332,12,6,6,8,2,0,0.3583992444153709,0.424012430270966,0.5293755546782172,0.3348687280870798
correlated_redundant,14,1455355984,9,1,6,8,2,0,0.45643472599246177,0.38461156516353373,0.4560665954811372,0.336498562356847
correlated_redundant,15,222056182,9,4,5,8,2,0,0.36696434807770195,0.4100440178013256,0.49325596848897574,0.3359938821826921
correlated_redundant,16,376207307,11,4,6,8,2,0,0.45957000030841383,0.45343563611537907,0.43954517186497616,0.3330603959188044
correlated_redundant,17,1261957109,12,8,6,8,2,0,0.46227250497564143,0.45625468206012093,0.5158009392984582,0.33216134557708454
correlated_redundant,18,1703992271,9,2,6,8,2,0,0.4572855243891935,0.4415138736856883,0.45300939165498155,0.3368052875507519
correlated_redundant,19,366345610,8,2,6,8,2,0,0.5061123978749122,0.5545890329996624,0.4992540118607007,0.33380941350645676
pure_interaction,0,1986680326,0,0,0,0,2,0,0.870665267193222,1.0009019561834085,1.0075219690440567,1.000976751083722
pure_interaction,1,2125329543,0,0,0,0,2,0,0.855503291269961,1.000908653534124,1.002390343060642,1.00090887677612
pure_interaction,2,1247819295,0,0,0,0,2,0,0.8779407846091056,1.000405558751728,1.0029587435100826,1.0001912871854406
pure_interaction,3,960007121,0,0,0,0,2,0,0.8532383474440692,1.0023420869145216,1.0026820742117097,1.000549402279001
pure_interaction,4,744897233,0,0,0,0,2,0,0.9480678681152562,1.0012614484566553,1.0001405375672936,1.0009941311401782
pure_interaction,5,1315230482,0,0,0,0,2,0,0.8336533645030868,0.999838374611789,1.005491998101579,0.9998365175704303
pure_interaction,6,1268981355,4,0,0,0,2,0,0.8696094904506281,1.0001409510895118,1.0063386213823846,1.0002135594692507
pure_interaction,7,632977320,0,0,0,0,2,0,0.8718422246713058,1.008454291788138,1.0084253075729683,1.0001446965256076
pure_interaction,8,48970940,0,0,0,0,2,0,0.8820573454976771,0.9998078735309105,1.0045978679459933,1.0000639309150414
pure_interaction,9,325340136,0,0,0,0,2,0,0.8506899066312105,1.00016608247708,1.006387250730368,0.9996919938751407
pure_interaction,10,2058490236,0,0,0,0,2,0,0.8403847802058904,1.0006637274363763,1.0084366092966583,1.0006621594994929
pure_interaction,11,897980838,0,0,0,0,2,0,0.869870115246047,1.0007064048461272,1.0043973872306942,1.000485509949835
pure_interaction,12,1035738744,0,0,0,0,2,0,0.8326192941596738,0.9994294119385522,1.002446204168077,1.0000406915112272
pure_interaction,13,1003105831,0,0,0,0,2,0,0.8761027895592197,1.0002983002213435,1.0043362017874606,1.0003319528835946
pure_interaction,14,1680911101,0,0,0,0,2,0,0.9011500556375432,1.0002376460144287,1.002799903040191,1.000226708627004
pure_interaction,15,139493164,0,0,0,0,2,0,0.9079162134406011,1.0010329848028086,1.001556992126809,0.9998926798213496
pure_interaction,16,177661322,4,0,0,0,2,0,0.8424699257180222,1.0013914854975419,0.9992441919337687,1.0006932470031926
pure_interaction,17,592377450,0,0,0,0,2,0,0.8545803580503558,0.9993486884270177,1.0069381362702028,0.9993497616633727
pure_interaction,18,1045090807,0,0,0,0,2,0,0.8569438470353673,0.9999390976926887,1.0053481846497367,0.9999843694721109
pure_interaction,19,1441227901,0,0,0,0,2,0,0.8883000736409914,0.9984072249163921,0.9974750515115215,0.9984022710981658
nonlinear_misspecified,0,947401232,4,0,2,2,0,2,0.37540056926437343,0.37259245732115326,0.3738737644825737,0.3591886271375643
nonlinear_misspecified,1,2013966976,5,0,2,2,0,2,0.5082869519670932,0.4931261371001476,0.4292333478095534,0.4720318045378111
nonlinear_misspecified,2,345785549,0,0,0,2,0,2,0.4258279997755831,0.3991254432604135,0.39736329229874023,0.9940392850665862
nonlinear_misspecified,3,1227776643,0,0,0,2,0,2,0.6373922903770377,0.6231455615795323,0.4114199299838129,0.9724159879850456
nonlinear_misspecified,4,1164461560,5,0,2,2,0,2,0.3398787259281475,0.3544960650020163,0.36359455735876955,0.33659404335035015
nonlinear_misspecified,5,1016810746,0,0,0,2,0,2,0.472093876294756,0.45092008770550446,0.3960219075906854,0.9621989342773793
nonlinear_misspecified,6,1734302301,4,0,2,2,0,2,0.37850902716283713,0.33033552427671514,0.357692171966268,0.30351067905369533
nonlinear_misspecified,7,573325870,4,0,2,2,0,2,0.45502094236442575,0.4048661439617578,0.3578747880225768,0.3633301581271605
nonlinear_misspecified,8,2048211626,4,0,2,2,0,2,0.4492608824134319,0.4538133032120037,0.41050523133346284,0.4089377427812154
nonlinear_misspecified,9,712038999,0,0,0,2,0,2,0.4522702088371186,0.45312959914611434,0.3992576285967298,0.9668510574814825
nonlinear_misspecified,10,1170388211,4,0,2,2,0,2,0.5673397464425697,0.5447529138262401,0.4159612580763459,0.4765342316891799
nonlinear_misspecified,11,1118135470,4,0,2,2,0,2,0.451730801143662,0.44589681098248785,0.4294109709736535,0.3896247858204258
nonlinear_misspecified,12,1824884135,5,0,2,2,0,2,0.3767079112228043,0.3658500730714854,0.3660525470579048,0.3474467225136919
nonlinear_misspecified,13,942555183,5,0,2,2,0,2,0.5432597922361191,0.5289736095143222,0.4108773442376108,0.5072622347664619
nonlinear_misspecified,14,611085711,4,0,2,2,0,2,0.5096179415089079,0.4591045060473728,0.39549043260644084,0.37995833577323296
nonlinear_misspecified,15,46411588,5,0,3,2,0,2,0.4392273807987384,0.4032918235853447,0.35920216951139566,0.30540314323281004
nonlinear_misspecified,16,780993103,5,0,1,2,0,2,0.4621649692354241,0.4307756696179126,0.4249324323223103,0.4229420663748972
nonlinear_misspecified,17,1774448395,0,0,0,2,0,2,0.48594852276959494,0.4928366168816322,0.4186720794345346,0.9533531074148563
nonlinear_misspecified,18,21294869,4,0,2,2,0,2,0.5798205337432526,0.5675221580710852,0.4275100496114812,0.5238510915852662
nonlinear_misspecified,19,1924490603,0,0,0,2,0,2,0.5398654661750698,0.4450232372569524,0.43264038824411255,0.9890509212422672
