scenario,stage,n_candidates,n_retained
global_null,screening,30,0
global_null,interaction_selection,0,0
global_null,transformation_selection,0,0
interaction_null,screening,30,5
interaction_null,interaction_selection,10,0
interaction_null,transformation_selection,3,1
sparse_strong_hierarchical,screening,30,4
sparse_strong_hierarchical,interaction_selection,6,3
sparse_strong_hierarchical,transformation_selection,3,1
weak_signal,screening,30,5
weak_signal,interaction_selection,10,2
weak_signal,transformation_selection,4,1
correlated_redundant,screening,30,11
correlated_redundant,interaction_selection,55,2
correlated_redundant,transformation_selection,10,1
pure_interaction,screening,30,0
pure_interaction,interaction_selection,0,0
pure_interaction,transformation_selection,0,0
nonlinear_misspecified,screening,30,3
nonlinear_misspecified,interaction_selection,3,0
nonlinear_misspecified,transformation_selection,2,1
