remove_rank,retained_features,removed_fraction,feature_name,feature_type,origin,delta_nrmse_when_feature_removed,delta_nrmse_nonnegative,cumulative_delta_upper_bound,approx_macro_nrmse_upper_bound,utility_score,selected_by_auto_cutoff,selected_by_effective_cutoff
1,171,0.005813953488372093,inverse_CHC.initial indices of Commercial Maturity[Biochem],transformation,dynamic_discovery,2.2639232684917854e-06,2.2639232684917854e-06,2.2639232684917854e-06,0.0702432279478173,0.005813457569303859,True,True
2,170,0.011627906976744186,inverse_OHC.Retirement Frac[TransEster],transformation,dynamic_discovery,2.7818443579519236e-06,2.7818443579519236e-06,5.045767626443709e-06,0.07024600979217525,0.01162680168646573,True,True
3,169,0.01744186046511628,inverse_CHC.initial indices of Commercial Maturity[Brownfield],transformation,dynamic_discovery,9.369017418103809e-06,9.369017418103809e-06,1.4414785044547518e-05,0.07025537880959336,0.017438702863943313,True,True
4,168,0.023255813953488372,CHC.Debt Interest Rate as pct[Brownfield],numeric,model_factors,0.00012074113179964818,0.00012074113179964818,0.0001351559168441957,0.070376119941393,0.023226207651331137,True,True
5,167,0.029069767441860465,inverse_SE.initial indices of Commercial Maturity[Jet],transformation,dynamic_discovery,0.00012437239947374334,0.00012437239947374334,0.00025952831631793905,0.07050049234086675,0.0290129169988264,True,True
6,166,0.03488372093023256,WW.initial indices of Commercial Maturity[SludgeToHTL]:OHC.ORNOOC sensi multiplier[HEFABrownfield],interaction,dynamic_discovery,0.00012879795403558658,0.00012879795403558658,0.0003883262703535256,0.07062929029490234,0.034798656915544006,True,True
7,165,0.040697674418604654,"CHC.Policy Duration[Price,Brownfield]",numeric,model_factors,0.00013733611022338776,0.00013733611022338776,0.0005256623805769134,0.07076662640512572,0.040582526523969806,True,True
8,164,0.046511627906976744,"SE.initial indices of Commercial Maturity[Jet]:CHC.Policy Duration[Price,Thermochem]",interaction,dynamic_discovery,0.00023298899401537343,0.00023298899401537343,0.0007586513745922868,0.0709996153991411,0.04634544308612222,True,True
9,163,0.05232558139534884,SE.Debt Interest Rate as pct[Jet],numeric,model_factors,0.00037986179905730166,0.00037986179905730166,0.0011385131736495885,0.0713794771981984,0.052076186727204786,True,True
10,162,0.05813953488372093,OHC.Retirement Frac[TransEster]:CHC.PY sensi multiplier[Biochem],interaction,dynamic_discovery,0.0003822711954679231,0.0003822711954679231,0.0015207843691175116,0.07176174839366632,0.057806402582898334,True,True
11,161,0.06395348837209303,inverse_SE.Mature Industry Rate of Return as PCT[Jet],transformation,dynamic_discovery,0.00041212916094729435,0.00041212916094729435,0.001932913530064806,0.07217387755461362,0.063530077963203,True,True
12,160,0.06976744186046512,CHC.FCI  sensi multiplier[Thermochem]:SE.initial indices of Commercial Maturity[Jet],interaction,dynamic_discovery,0.0004266297572047134,0.0004266297572047134,0.0023595432872695193,0.07260050731181833,0.06925057694513544,True,True
13,159,0.0755813953488372,"CHC.Policy Duration[Price,Thermochem]:OHC.Policy Duration[FCI,HEFABrownfield]",interaction,dynamic_discovery,0.0004310371417422243,0.0004310371417422243,0.0027905804290117436,0.07303154445356055,0.07497011047648765,True,True
14,158,0.08139534883720931,"WW.Mature Industry Rate of Return as PCT[ManureToHTL]:OHC.Policy Duration[Price,HEFABrownfield]",interaction,dynamic_discovery,0.0004373839660544443,0.0004373839660544443,0.003227964395066188,0.073468928419615,0.0806882537172576,True,True
15,157,0.0872093023255814,AHC.Debt Interest Rate as pct[HTL],numeric,model_factors,0.0004531567786981161,0.0004531567786981161,0.003681121173764304,0.07392208519831311,0.08640294187690419,True,True
16,156,0.09302325581395349,OHC.Mature Industry Rate of Return as PCT[HEFABrownfield],numeric,model_factors,0.00047839607844224474,0.00047839607844224474,0.004159517252206549,0.07440048127675536,0.09211210129351155,True,True
17,155,0.09883720930232558,"OHC.Policy Duration[FCI,HEFABrownfield]",numeric,model_factors,0.0004966553547249564,0.0004966553547249564,0.004656172606931505,0.07489713663148032,0.09781726096180289,True,True
18,154,0.10465116279069768,OHC.Retirement Frac[TransEster]:OHC.ORNOOC sensi multiplier[HEFABrownfield],interaction,dynamic_discovery,0.0005306824064472693,0.0005306824064472693,0.005186855013378774,0.07542781903792758,0.10351496690406926,True,True
19,153,0.11046511627906977,inverse_CHC.Debt Interest Rate as pct[Thermochem],transformation,dynamic_discovery,0.0005332796748234031,0.0005332796748234031,0.0057201346882021775,0.07596109871275099,0.10921210390703855,True,True
20,152,0.11627906976744186,"WW.Policy Duration[Price,ManureToHTL]:OHC.Policy Duration[Price,HEFABrownfield]",interaction,dynamic_discovery,0.0005872748762150298,0.0005872748762150298,0.006307409564417207,0.07654837358896602,0.11489741310191204,True,True
21,151,0.12209302325581395,WW.Debt Interest Rate as pct[SludgeToHTL],numeric,model_factors,0.0005948819182049758,0.0005948819182049758,0.006902291482622183,0.077143255507171,0.1205810559518046,True,True
22,150,0.12790697674418605,WW.initial indices of Commercial Maturity[SludgeToHTL]_squared,transformation,dynamic_discovery,0.0006598709039660755,0.0006598709039660755,0.007562162386588259,0.07780312641113707,0.1262504627727148,True,True
23,149,0.13372093023255813,"OHC.Policy Duration[Price,HEFA]:WW.Policy Duration[Price,ManureToHTL]",interaction,dynamic_discovery,0.0006631805146208314,0.0006631805146208314,0.00822534290120909,0.0784663069257579,0.13191914461365103,True,True
24,148,0.13953488372093023,"OHC.Policy Duration[Price,TransEster]",numeric,model_factors,0.0007007062721280377,0.0007007062721280377,0.008926049173337128,0.07916701319788594,0.13757960632674254,True,True
25,147,0.14534883720930233,AHC.initial indices of Commercial Maturity[HTL]_squared,transformation,dynamic_discovery,0.0007332454483112288,0.0007332454483112288,0.009659294621648357,0.07990025864619717,0.14323294023733363,True,True
26,146,0.1511627906976744,inverse_AHC.Mature Industry Rate of Return as PCT[HTL],transformation,dynamic_discovery,0.000733365233359165,0.000733365233359165,0.010392659855007522,0.08063362387955633,0.1488862479086567,True,True
27,145,0.1569767441860465,CHC.Debt Interest Rate as pct[Biochem]_squared,transformation,dynamic_discovery,0.0007447861104161596,0.0007447861104161596,0.011137445965423681,0.08137840998997249,0.1545370538031805,True,True
28,144,0.16279069767441862,"SE.Policy Duration[Price,Jet]:OHC.Policy Duration[Price,HEFABrownfield]",interaction,dynamic_discovery,0.0007597170012253879,0.0007597170012253879,0.01189716296664907,0.08213812699119788,0.16018458904204158,True,True
29,143,0.1686046511627907,CHC.Mature Industry Rate of Return as PCT[Brownfield]:AHC.Mature Industry Rate of Return as PCT[HTL],interaction,dynamic_discovery,0.0008595463366151551,0.0008595463366151551,0.012756709303264224,0.08299767332781303,0.1658102563705905,True,True
30,142,0.1744186046511628,OHC.Debt Interest Rate as pct[HEFA],numeric,model_factors,0.0008641439517357297,0.0008641439517357297,0.013620853254999954,0.08386181727954876,0.17143491657798895,True,True
31,141,0.18023255813953487,AHC.Debt Interest Rate as pct[HEFA],numeric,model_factors,0.0008674106445210328,0.0008674106445210328,0.014488263899520987,0.0847292279240698,0.17705886120669936,True,True
32,140,0.18604651162790697,SE.Max Jet Investment Hit Rate:WW.PY sensi multiplier[ManureToHTL],interaction,dynamic_discovery,0.0008847873298525044,0.0008847873298525044,0.015373051229373491,0.0856140152539223,0.18267899942124438,True,True
33,139,0.19186046511627908,"WW.Policy Duration[Price,SludgeToHTL]",numeric,model_factors,0.0011196476057930144,0.0011196476057930144,0.016492698835166505,0.08673366285971532,0.18824769079974568,True,True
34,138,0.19767441860465115,"WW.Policy Duration[Price,ManureToHTL]_squared",transformation,dynamic_discovery,0.001350923898517556,0.001350923898517556,0.01784362273368406,0.08808458675823287,0.1937657204242957,True,True
35,137,0.20348837209302326,AHC.ORNOOC sensi multiplier[HTL],numeric,model_factors,0.0014088737832309572,0.0014088737832309572,0.01925249651691502,0.08949346054146383,0.1992710559557061,True,True
36,136,0.20930232558139536,WW.Mature Industry Rate of Return as PCT[SludgeToHTL]:AHC.initial indices of Commercial Maturity[HTL],interaction,dynamic_discovery,0.0016618575669934271,0.0016618575669934271,0.020914354083908446,0.09115531810845726,0.2047209746432384,True,True
37,135,0.21511627906976744,WW.initial indices of Commercial Maturity[SludgeToHTL],numeric,model_factors,0.0016747418727673796,0.0016747418727673796,0.022589095956675825,0.09283005998122464,0.2101680709855953,True,True
38,134,0.22093023255813954,SE.initial indices of Commercial Maturity[Jet],numeric,model_factors,0.0016789647869047686,0.0016789647869047686,0.024268060743580594,0.0945090247681294,0.21561424228615714,True,True
39,133,0.22674418604651161,inverse_SE.FCI  sensi multiplier[Jet],transformation,dynamic_discovery,0.001900854286592965,0.001900854286592965,0.02616891503017356,0.09640987905472237,0.22101180803746384,True,True
40,132,0.23255813953488372,AHC.initial indices of Commercial Maturity[HTL],numeric,model_factors,0.001937445155486467,0.001937445155486467,0.028106360185660026,0.09834732421020884,0.22640135845103362,True,True
41,131,0.23837209302325582,inverse_OHC.ORNOOC sensi multiplier[HEFABrownfield],transformation,dynamic_discovery,0.0020200122373176532,0.0020200122373176532,0.03012637242297768,0.10036733644752649,0.23177282230183932,True,False
42,130,0.2441860465116279,"CHC.FCI  sensi multiplier[Thermochem]:CHC.Policy Duration[Price,Thermochem]",interaction,dynamic_discovery,0.002034050218077496,0.002034050218077496,0.032160422641055175,0.10240138666560399,0.2371412110915618,True,False
43,129,0.25,WW.initial indices of Commercial Maturity[ManureToHTL],numeric,model_factors,0.0021520871677516706,0.0021520871677516706,0.034312509808806846,0.10455347383335566,0.24248374353936922,True,False
44,128,0.2558139534883721,"OHC.Policy Duration[Price,HEFA]",numeric,model_factors,0.00229444772749611,0.00229444772749611,0.036606957536302956,0.10684792156085177,0.24779509148674572,True,False
45,127,0.2616279069767442,AHC.initial indices of Commercial Maturity[HTL]:WW.initial indices of Commercial Maturity[SludgeToHTL],interaction,dynamic_discovery,0.002476554450011881,0.002476554450011881,0.03908351198631484,0.10932447601086365,0.25306654841952547,True,False
46,126,0.26744186046511625,CHC.Debt Interest Rate as pct[Biochem],numeric,model_factors,0.002523238593682295,0.002523238593682295,0.04160675057999713,0.11184771460454594,0.25832777905296345,True,False
47,125,0.27325581395348836,inverse_AHC.FCI  sensi multiplier[HEFA],transformation,dynamic_discovery,0.0025964521987084654,0.0025964521987084654,0.0442032027787056,0.11444416680325441,0.2635729720303148,True,False
48,124,0.27906976744186046,CHC.Debt Interest Rate as pct[Thermochem],numeric,model_factors,0.002667462371947399,0.002667462371947399,0.046870665150652996,0.1171116291752018,0.2688026100198104,True,False
49,123,0.28488372093023256,WW.Mature Industry Rate of Return as PCT[ManureToHTL]:WW.initial indices of Commercial Maturity[ManureToHTL],interaction,dynamic_discovery,0.002771372019234497,0.002771372019234497,0.04964203716988749,0.1198830011944363,0.2740094862946399,True,False
50,122,0.29069767441860467,SE.Max Jet Investment Hit Rate:OHC.progress ratios commercial[HEFA],interaction,dynamic_discovery,0.002861297237421595,0.002861297237421595,0.05250333440730909,0.1227442984318579,0.2791966641852376,True,False
51,121,0.29651162790697677,WW.PY sensi multiplier[SludgeToHTL]:CHC.FCI  sensi multiplier[Brownfield],interaction,dynamic_discovery,0.0029355924942126577,0.0029355924942126577,0.055438926901521746,0.12567989092607057,0.28436756748073977,True,False
52,120,0.3023255813953488,OHC.PY sensi multiplier[HEFABrownfield]:WW.PY sensi multiplier[ManureToHTL],interaction,dynamic_discovery,0.0029758533595333897,0.0029758533595333897,0.058414780261055135,0.12865574428560395,0.28952965151496474,True,False
53,119,0.3081395348837209,"OHC.Policy Duration[Price,HEFABrownfield]",numeric,model_factors,0.0030808378929009783,0.0030808378929009783,0.061495618153956114,0.13173658217850492,0.29466873837755797,True,False
54,118,0.313953488372093,inverse_AHC.FCI  sensi multiplier[HTL],transformation,dynamic_discovery,0.003087246165218799,0.003087246165218799,0.06458286431917491,0.13482382834372372,0.29980642148920217,True,False
55,117,0.31976744186046513,AHC.Mature Industry Rate of Return as PCT[HEFA],numeric,model_factors,0.0031211338552942364,0.0031211338552942364,0.06770399817446915,0.13794496219901797,0.30493668140240104,True,False
56,116,0.32558139534883723,inverse_WW.ORNOOC sensi multiplier[ManureToHTL],transformation,dynamic_discovery,0.003143407687623778,0.003143407687623778,0.07084740586209293,0.14108836988664175,0.310062062166943,True,False
57,115,0.3313953488372093,WW.PY sensi multiplier[ManureToHTL]:WW.initial indices of Commercial Maturity[ManureToHTL],interaction,dynamic_discovery,0.0031650820751688014,0.0031650820751688014,0.07401248793726173,0.14425345196181055,0.31518269509297575,True,False
58,114,0.3372093023255814,CHC.Mature Industry Rate of Return as PCT[Brownfield]:SE.progress ratios commercial[Jet],interaction,dynamic_discovery,0.003547739091177879,0.003547739091177879,0.07756022702843961,0.14780119105298842,0.32021950587120274,True,False
59,113,0.3430232558139535,WW.Mature Industry Rate of Return as PCT[ManureToHTL]_squared,transformation,dynamic_discovery,0.0035832353095403974,0.0035832353095403974,0.08114346233798,0.1513844263625288,0.3252485410981196,True,False
60,112,0.3488372093023256,CHC.FCI  sensi multiplier[Biochem]:OHC.ORNOOC sensi multiplier[HEFABrownfield],interaction,dynamic_discovery,0.003599877973415447,0.003599877973415447,0.08474334031139545,0.15498430433594426,0.33027393070043576,True,False
61,111,0.3546511627906977,CHC.initial indices of Commercial Maturity[Biochem]:CHC.FCI  sensi multiplier[Biochem],interaction,dynamic_discovery,0.0036058536875570174,0.0036058536875570174,0.08834919399895247,0.1585901580235013,0.3352980113049469,True,False
62,110,0.36046511627906974,CHC.initial indices of Commercial Maturity[Thermochem]_squared,transformation,dynamic_discovery,0.0036190828641895073,0.0036190828641895073,0.09196827686314198,0.1622092408876908,0.340319194019304,True,False
63,109,0.36627906976744184,WW.PY sensi multiplier[SludgeToHTL]:AHC.initial indices of Commercial Maturity[HTL],interaction,dynamic_discovery,0.0038998420443680654,0.0038998420443680654,0.09586811890751004,0.16610908293205884,0.345278875607289,True,False
64,108,0.37209302325581395,AHC.Mature Industry Rate of Return as PCT[HTL],numeric,model_factors,0.004616675478750443,0.004616675478750443,0.10048479438626048,0.17072575841080928,0.35008153271754283,True,False
65,107,0.37790697674418605,WW.Mature Industry Rate of Return as PCT[ManureToHTL]:WW.ORNOOC sensi multiplier[ManureToHTL],interaction,dynamic_discovery,0.004659002714994781,0.004659002714994781,0.10514379710125527,0.1753847611258041,0.35487491792187503,True,False
66,106,0.38372093023255816,inverse_WW.ORNOOC sensi multiplier[SludgeToHTL],transformation,dynamic_discovery,0.004835732934784051,0.004835732934784051,0.10997953003603932,0.18022049406058813,0.359629589850388,True,False
67,105,0.38953488372093026,inverse_WW.FCI  sensi multiplier[SludgeToHTL],transformation,dynamic_discovery,0.0048771198523449855,0.0048771198523449855,0.1148566498883843,0.1850976139129331,0.3643751958525599,True,False
68,104,0.3953488372093023,"WW.PY sensi multiplier[ManureToHTL]:WW.Policy Duration[Price,ManureToHTL]",interaction,dynamic_discovery,0.004941935260908234,0.004941935260908234,0.11979858514929254,0.19003954917384136,0.3691066038483464,True,False
69,103,0.4011627906976744,"OHC.progress ratios commercial[HEFA]:CHC.Policy Duration[Price,Thermochem]",interaction,dynamic_discovery,0.004959141111397947,0.004959141111397947,0.12475772626069048,0.1949986902852393,0.37383424285184347,True,False
70,102,0.4069767441860465,CHC.Mature Industry Rate of Return as PCT[Biochem]:CHC.initial indices of Commercial Maturity[Biochem],interaction,dynamic_discovery,0.004985242103821744,0.004985242103821744,0.1297429683645122,0.19998393238906104,0.37855616435597866,True,False
71,101,0.4127906976744186,CHC.PY sensi multiplier[Brownfield]:CHC.ORNOOC sensi multiplier[Thermochem],interaction,dynamic_discovery,0.005066384402373142,0.005066384402373142,0.13480935276688535,0.20505031679143415,0.38326031140032896,True,False
72,100,0.4186046511627907,"SE.Policy Duration[Price,Jet]_squared",transformation,dynamic_discovery,0.00521661227797153,0.00521661227797153,0.14002596504485687,0.2102669290694057,0.38793155058550993,True,False
73,99,0.42441860465116277,CHC.PY sensi multiplier[Biochem],numeric,model_factors,0.005270110109335244,0.005270110109335244,0.14529607515419213,0.21553703917874095,0.3925910709129664,True,False
74,98,0.43023255813953487,CHC.Mature Industry Rate of Return as PCT[Biochem]_squared,transformation,dynamic_discovery,0.005476072183598676,0.005476072183598676,0.15077214733779082,0.22101311136233964,0.3972054746406769,True,False
75,97,0.436046511627907,CHC.initial indices of Commercial Maturity[Biochem],numeric,model_factors,0.0056861068866719405,0.0056861068866719405,0.15645825422446274,0.22669921824901157,0.4017738696472904,True,False
76,96,0.4418604651162791,SE.Mature Industry Rate of Return as PCT[Jet],numeric,model_factors,0.005826416892179012,0.005826416892179012,0.16228467111664174,0.23252563514119057,0.40631152933342574,True,False
77,95,0.4476744186046512,inverse_SE.Max Jet Investment Hit Rate,transformation,dynamic_discovery,0.005950018454298114,0.005950018454298114,0.16823468957093984,0.23847565359548867,0.4108221137328799,True,False
78,94,0.45348837209302323,"WW.progress ratios commercial[SludgeToHTL]:CHC.Policy Duration[Price,Thermochem]",interaction,dynamic_discovery,0.006352446236302753,0.006352446236302753,0.1745871358072426,0.24482809983179143,0.41524454513993325,True,False
79,93,0.45930232558139533,AHC.FCI  sensi multiplier[HTL],numeric,model_factors,0.006561425115576419,0.006561425115576419,0.18114856092281903,0.2513895249473678,0.4196211991072065,True,False
80,92,0.46511627906976744,AHC.FCI  sensi multiplier[HEFA],numeric,model_factors,0.006583583367565829,0.006583583367565829,0.18773214429038487,0.2579731083149337,0.4239929992440372,True,False
81,91,0.47093023255813954,SE.FCI  sensi multiplier[Jet],numeric,model_factors,0.00689266759714445,0.00689266759714445,0.19462481188752934,0.26486577591207816,0.42829709356889456,True,False
82,90,0.47674418604651164,CHC.FCI  sensi multiplier[Biochem],numeric,model_factors,0.006924196272139513,0.006924196272139513,0.20154900815966886,0.2717899721842177,0.4325942814445167,True,False
83,89,0.48255813953488375,SE.ORNOOC sensi multiplier[Jet],numeric,model_factors,0.007155551962110887,0.007155551962110887,0.20870456012177974,0.27894552414632856,0.4368407901739866,True,False
84,88,0.4883720930232558,inverse_CHC.Mature Industry Rate of Return as PCT[Brownfield],transformation,dynamic_discovery,0.007299743313992649,0.007299743313992649,0.21600430343577237,0.2862452674603212,0.44105571336260885,True,False
85,87,0.4941860465116279,log1p_OHC.Mature Industry Rate of Return as PCT[HEFA],transformation,dynamic_discovery,0.007312914244709909,0.007312914244709909,0.2233172176804823,0.2935581817050311,0.44526775142001673,True,False
86,86,0.5,inverse_WW.Mature Industry Rate of Return as PCT[SludgeToHTL],transformation,dynamic_discovery,0.00753411705898531,0.00753411705898531,0.23085133473946762,0.30109229876401644,0.4494313343486342,True,False
87,85,0.5058139534883721,WW.FCI  sensi multiplier[ManureToHTL],numeric,model_factors,0.007894316042816901,0.007894316042816901,0.23874565078228452,0.3089866148068333,0.45351601462762264,True,False
88,84,0.5116279069767442,OHC.ORNOOC sensi multiplier[HEFA],numeric,model_factors,0.007998724263923174,0.007998724263923174,0.2467443750462077,0.3169853390707565,0.45757782397787966,True,False
89,83,0.5174418604651163,OHC.PY sensi multiplier[HEFABrownfield]:CHC.progress ratios commercial[Brownfield],interaction,dynamic_discovery,0.008253262332238026,0.008253262332238026,0.2549976373784457,0.32523860140299454,0.46158387601364387,True,False
90,82,0.5232558139534884,CHC.ORNOOC sensi multiplier[Thermochem],numeric,model_factors,0.008295388772438003,0.008295388772438003,0.26329302615088374,0.33353399017543256,0.4655807001284521,True,False
91,81,0.5290697674418605,OHC.ORNOOC sensi multiplier[HEFABrownfield]:SE.progress ratios commercial[Jet],interaction,dynamic_discovery,0.009489252919954824,0.009489252919954824,0.2727822790708386,0.3430232430953874,0.46931600478106156,True,False
92,80,0.5348837209302325,CHC.initial indices of Commercial Maturity[Thermochem],numeric,model_factors,0.009723939618582839,0.009723939618582839,0.2825062186894214,0.3527471827139702,0.4729999006202494,True,False
93,79,0.5406976744186046,CHC.initial indices of Commercial Maturity[Brownfield],numeric,model_factors,0.010625841229306987,0.010625841229306987,0.29313205991872837,0.3633730239432772,0.47648623225191555,True,False
94,78,0.5465116279069767,WW.Mature Industry Rate of Return as PCT[ManureToHTL]:WW.FCI  sensi multiplier[ManureToHTL],interaction,dynamic_discovery,0.011131462382824517,0.011131462382824517,0.3042635223015529,0.3745044863261017,0.47986180607883544,True,False
95,77,0.5523255813953488,CHC.initial indices of Commercial Maturity[Thermochem]:CHC.FCI  sensi multiplier[Thermochem],interaction,dynamic_discovery,0.011375629064978035,0.011375629064978035,0.3156391513665309,0.38588011539107975,0.48318389447398624,True,False
96,76,0.5581395348837209,"WW.Policy Duration[Price,ManureToHTL]",numeric,model_factors,0.011667866225783696,0.011667866225783696,0.3273070175923146,0.39754798161686344,0.48644196745726004,True,False
97,75,0.563953488372093,CHC.FCI  sensi multiplier[Brownfield],numeric,model_factors,0.011851187389063891,0.011851187389063891,0.3391582049813785,0.4093991690059273,0.4896598833991064,True,False
98,74,0.5697674418604651,WW.PY sensi multiplier[ManureToHTL]:WW.FCI  sensi multiplier[ManureToHTL],interaction,dynamic_discovery,0.012403612119342336,0.012403612119342336,0.3515618171007208,0.42180278112526964,0.492756789074694,True,False
99,73,0.5755813953488372,WW.PY sensi multiplier[ManureToHTL]:WW.ORNOOC sensi multiplier[ManureToHTL],interaction,dynamic_discovery,0.012472004806056952,0.012472004806056952,0.3640338219067778,0.4342747859313266,0.4958387131305679,True,False
100,72,0.5813953488372093,WW.Mature Industry Rate of Return as PCT[ManureToHTL],numeric,model_factors,0.013571111916634113,0.013571111916634113,0.3776049338234119,0.44784589784796075,0.4986798745326215,True,False
101,71,0.5872093023255814,OHC.Retirement Frac[TransEster]:OHC.PY sensi multiplier[HEFA],interaction,dynamic_discovery,0.01370935904443478,0.01370935904443478,0.3913142928678467,0.4615552568923955,0.5014907524936421,True,False
102,70,0.5930232558139535,CHC.Mature Industry Rate of Return as PCT[Biochem]:CHC.FCI  sensi multiplier[Biochem],interaction,dynamic_discovery,0.014181599914670981,0.014181599914670981,0.4054958927825177,0.4757368568070665,0.5041981846994069,True,False
103,69,0.5988372093023255,CHC.Mature Industry Rate of Return as PCT[Thermochem]:CHC.initial indices of Commercial Maturity[Thermochem],interaction,dynamic_discovery,0.014288411148503682,0.014288411148503682,0.4197843039310214,0.4900252679555702,0.5068822195894161,True,False
104,68,0.6046511627906976,CHC.Mature Industry Rate of Return as PCT[Biochem]:CHC.PY sensi multiplier[Biochem],interaction,dynamic_discovery,0.014344868627183857,0.014344868627183857,0.43412917255820527,0.5043701365827541,0.5095538873022284,True,False
105,67,0.6104651162790697,SE.PY sensi multiplier[Jet],numeric,model_factors,0.014467942915010565,0.014467942915010565,0.44859711547321585,0.5188380794977646,0.5121985952293483,True,False
106,66,0.6162790697674418,OHC.PY sensi multiplier[HEFABrownfield]:OHC.ORNOOC sensi multiplier[HEFABrownfield],interaction,dynamic_discovery,0.015566185185442463,0.015566185185442463,0.4641633006586583,0.5344042646832071,0.5146027299484321,True,False
107,65,0.622093023255814,inverse_CHC.FCI  sensi multiplier[Thermochem],transformation,dynamic_discovery,0.015891310837629624,0.015891310837629624,0.4800546114962879,0.5502955755208367,0.5169356449346143,True,False
108,64,0.627906976744186,CHC.PY sensi multiplier[Thermochem]:WW.Mature Industry Rate of Return as PCT[SludgeToHTL],interaction,dynamic_discovery,0.016194179100165046,0.016194179100165046,0.496248790596453,0.5664897546210018,0.5192022157347347,True,False
109,63,0.6337209302325582,CHC.Mature Industry Rate of Return as PCT[Biochem],numeric,model_factors,0.016200754037169696,0.016200754037169696,0.5124495446336227,0.5826905086581715,0.5214673462755148,True,False
110,62,0.6395348837209303,WW.PY sensi multiplier[ManureToHTL]:WW.Mature Industry Rate of Return as PCT[ManureToHTL],interaction,dynamic_discovery,0.01672210316866235,0.01672210316866235,0.529171647802285,0.5994126118268338,0.5236182737515919,True,False
111,61,0.6453488372093024,CHC.initial indices of Commercial Maturity[Brownfield]:CHC.FCI  sensi multiplier[Brownfield],interaction,dynamic_discovery,0.016916235628261597,0.016916235628261597,0.5460878834305466,0.6163288474550954,0.5257266759399002,True,False
112,60,0.6511627906976745,"SE.Policy Duration[Price,Jet]",numeric,model_factors,0.017938053180176522,0.017938053180176522,0.5640259366107231,0.6342669006352719,0.5276112459801389,True,False
113,59,0.6569767441860465,WW.ORNOOC sensi multiplier[ManureToHTL],numeric,model_factors,0.018030114441028103,0.018030114441028103,0.5820560510517512,0.6522970150763,0.5294756497297008,True,False
114,58,0.6627906976744186,SE.Max Jet Investment Hit Rate:SE.PY sensi multiplier[Jet],interaction,dynamic_discovery,0.018526105628659875,0.018526105628659875,0.600582156680411,0.6708231207049599,0.5312314051469426,True,False
115,57,0.6686046511627907,CHC.PY sensi multiplier[Brownfield],numeric,model_factors,0.018661533159137586,0.018661533159137586,0.6192436898395486,0.6894846538640974,0.5329574947642597,True,False
116,56,0.6744186046511628,WW.progress ratios commercial[ManureToHTL]_squared,transformation,dynamic_discovery,0.018835389406122782,0.018835389406122782,0.6380790792456714,0.7083200432702202,0.5346455006579754,True,False
117,55,0.6802325581395349,inverse_SE.PY sensi multiplier[Jet],transformation,dynamic_discovery,0.01916961021399871,0.01916961021399871,0.6572486894596701,0.7274896534842189,0.5362602944981145,True,False
118,54,0.686046511627907,OHC.Retirement Frac[TransEster]:OHC.PY sensi multiplier[HEFABrownfield],interaction,dynamic_discovery,0.020344711996707343,0.020344711996707343,0.6775934014563774,0.7478343654809262,0.537617678827396,True,False
119,53,0.6918604651162791,"CHC.Policy Duration[Price,Thermochem]",numeric,model_factors,0.021399657243689335,0.021399657243689335,0.6989930587000667,0.7692340227246155,0.5387439742893103,True,False
120,52,0.6976744186046512,SE.Max Jet Investment Hit Rate,numeric,model_factors,0.024265960694133795,0.024265960694133795,0.7232590193942005,0.7934999834187493,0.5392423975277243,True,False
121,51,0.7034883720930233,CHC.initial indices of Commercial Maturity[Brownfield]:CHC.Mature Industry Rate of Return as PCT[Brownfield],interaction,dynamic_discovery,0.024481624018673806,0.024481624018673806,0.7477406434128743,0.8179816074374231,0.5396935790789104,True,False
122,50,0.7093023255813954,OHC.PY sensi multiplier[HEFA]:OHC.Mature Industry Rate of Return as PCT[HEFA],interaction,dynamic_discovery,0.027277905698298188,0.027277905698298188,0.7750185491111725,0.8452595131357213,0.5395322268819873,False,False
123,49,0.7151162790697675,OHC.Mature Industry Rate of Return as PCT[HEFA],numeric,model_factors,0.02813151965302295,0.02813151965302295,0.8031500687641955,0.8733910327887443,0.5391838880309886,False,False
124,48,0.7209302325581395,CHC.Mature Industry Rate of Return as PCT[Thermochem]:CHC.FCI  sensi multiplier[Thermochem],interaction,dynamic_discovery,0.028237208192608804,0.028237208192608804,0.8313872769568043,0.9016282409813531,0.5388123977937198,False,False
125,47,0.7267441860465116,inverse_OHC.progress ratios commercial[HEFABrownfield],transformation,dynamic_discovery,0.028485239018788716,0.028485239018788716,0.859872515975593,0.9301134800001418,0.5383865756725377,False,False
126,46,0.7325581395348837,OHC.progress ratios commercial[HEFABrownfield],numeric,model_factors,0.029146955300114408,0.029146955300114408,0.8890194712757074,0.9592604353002562,0.537815802648541,False,False
127,45,0.7383720930232558,OHC.Retirement Frac[TransEster],numeric,model_factors,0.031027084341917685,0.031027084341917685,0.920046555617625,0.9902875196421739,0.5368331818134686,False,False
128,44,0.7441860465116279,inverse_WW.PY sensi multiplier[ManureToHTL],transformation,dynamic_discovery,0.031210458059066734,0.031210458059066734,0.9512570136766918,1.0214979777012405,0.5358103924248887,False,False
129,43,0.75,CHC.Mature Industry Rate of Return as PCT[Brownfield]:CHC.PY sensi multiplier[Brownfield],interaction,dynamic_discovery,0.03172522422164191,0.03172522422164191,0.9829822378983337,1.0532232019228824,0.53467484199036,False,False
130,42,0.7558139534883721,CHC.PY sensi multiplier[Thermochem]:CHC.initial indices of Commercial Maturity[Thermochem],interaction,dynamic_discovery,0.03300454289323444,0.03300454289323444,1.0159867807915681,1.0862277448161168,0.5332590530281298,False,False
131,41,0.7616279069767442,OHC.ORNOOC sensi multiplier[HEFABrownfield],numeric,model_factors,0.03320275072217105,0.03320275072217105,1.0491895315137392,1.1194304955382879,0.5317998460564595,False,False
132,40,0.7674418604651163,WW.PY sensi multiplier[SludgeToHTL]:WW.ORNOOC sensi multiplier[SludgeToHTL],interaction,dynamic_discovery,0.03412683490849451,0.03412683490849451,1.0833163664222336,1.1535573304467823,0.5301382157186664,False,False
133,39,0.7732558139534884,OHC.FCI  sensi multiplier[HEFA],numeric,model_factors,0.03532362611933264,0.03532362611933264,1.1186399925415662,1.188880956566115,0.5282144247368221,False,False
134,38,0.7790697674418605,CHC.initial indices of Commercial Maturity[Brownfield]:CHC.PY sensi multiplier[Brownfield],interaction,dynamic_discovery,0.03701182135186863,0.03701182135186863,1.1556518138934349,1.2258927779179836,0.5259208296108315,False,False
135,37,0.7848837209302325,OHC.PY sensi multiplier[HEFA]:OHC.FCI  sensi multiplier[HEFA],interaction,dynamic_discovery,0.0375648519878696,0.0375648519878696,1.1932166658813044,1.263457629905853,0.523506091493147,False,False
136,36,0.7906976744186046,inverse_CHC.progress ratios commercial[Brownfield],transformation,dynamic_discovery,0.04036854414425388,0.04036854414425388,1.2335852100255582,1.303826174050107,0.5204771963405657,False,False
137,35,0.7965116279069767,CHC.progress ratios commercial[Brownfield],numeric,model_factors,0.050002757958220886,0.050002757958220886,1.2835879679837792,1.3538289320083279,0.5153378982409011,False,False
138,34,0.8023255813953488,CHC.progress ratios commercial[Thermochem]:OHC.progress ratios commercial[HEFA],interaction,dynamic_discovery,0.05079772283569857,0.05079772283569857,1.3343856908194778,1.4046266548440265,0.5100244607404871,False,False
139,33,0.8081395348837209,CHC.Mature Industry Rate of Return as PCT[Thermochem],numeric,model_factors,0.0521374059650106,0.0521374059650106,1.3865230967844884,1.456764060809037,0.5044175616998945,False,False
140,32,0.813953488372093,WW.progress ratios commercial[ManureToHTL],numeric,model_factors,0.05357281370195338,0.05357281370195338,1.4400959104864417,1.5103368745109904,0.49849623236153134,False,False
141,31,0.8197674418604651,WW.ORNOOC sensi multiplier[SludgeToHTL],numeric,model_factors,0.05696696652049198,0.05696696652049198,1.4970628770069336,1.5673038410314823,0.491831403838968,False,False
142,30,0.8255813953488372,inverse_WW.PY sensi multiplier[SludgeToHTL],transformation,dynamic_discovery,0.05911444162965533,0.05911444162965533,1.556177318636589,1.6264182826611377,0.4846961645608746,False,False
143,29,0.8313953488372093,WW.progress ratios commercial[SludgeToHTL]:WW.FCI  sensi multiplier[SludgeToHTL],interaction,dynamic_discovery,0.061023136526137126,0.061023136526137126,1.6172004551627261,1.6874414191872749,0.4771428200369979,False,False
144,28,0.8372093023255814,WW.FCI  sensi multiplier[SludgeToHTL],numeric,model_factors,0.06127248587750188,0.06127248587750188,1.678472941040228,1.7487139050647766,0.46953485480237767,False,False
145,27,0.8430232558139535,WW.PY sensi multiplier[ManureToHTL],numeric,model_factors,0.06303328848122426,0.06303328848122426,1.7415062295214523,1.811747193546001,0.46154118056483495,False,False
146,26,0.8488372093023255,inverse_OHC.progress ratios commercial[HEFA],transformation,dynamic_discovery,0.07117339416567643,0.07117339416567643,1.8126796236871288,1.8829205877116775,0.4517643921720787,False,False
147,25,0.8546511627906976,CHC.Mature Industry Rate of Return as PCT[Brownfield],numeric,model_factors,0.07349643604343205,0.07349643604343205,1.8861760597305608,1.9564170237551095,0.441478734605389,False,False
148,24,0.8604651162790697,SE.progress ratios commercial[Jet]_squared,transformation,dynamic_discovery,0.07807329663168254,0.07807329663168254,1.9642493563622434,2.034490320386792,0.43019050222975846,False,False
149,23,0.8662790697674418,CHC.PY sensi multiplier[Thermochem]:CHC.Mature Industry Rate of Return as PCT[Thermochem],interaction,dynamic_discovery,0.08535832818010834,0.08535832818010834,2.0496076845423516,2.1198486485669004,0.4173064622100104,False,False
150,22,0.872093023255814,WW.Mature Industry Rate of Return as PCT[SludgeToHTL]:WW.progress ratios commercial[SludgeToHTL],interaction,dynamic_discovery,0.08899007979642674,0.08899007979642674,2.1385977643387784,2.208838728363327,0.40362687628873356,False,False
151,21,0.877906976744186,CHC.FCI  sensi multiplier[Thermochem],numeric,model_factors,0.08946566883644534,0.08946566883644534,2.228063433175224,2.2983043971997725,0.3898431111857366,False,False
152,20,0.8837209302325582,CHC.PY sensi multiplier[Thermochem]:CHC.FCI  sensi multiplier[Thermochem],interaction,dynamic_discovery,0.09263859966006376,0.09263859966006376,2.3207020328352876,2.3909429968598364,0.3753643062289067,False,False
153,19,0.8895348837209303,WW.Mature Industry Rate of Return as PCT[SludgeToHTL],numeric,model_factors,0.10777665279391511,0.10777665279391511,2.428478685629203,2.4987196496537516,0.3575694660912436,False,False
154,18,0.8953488372093024,OHC.PY sensi multiplier[HEFA]:OHC.progress ratios commercial[HEFA],interaction,dynamic_discovery,0.13024580992496504,0.13024580992496504,2.558724495554168,2.628965459578717,0.3348526908228594,False,False
155,17,0.9011627906976745,AHC.PY sensi multiplier[HTL],numeric,model_factors,0.1309083280530517,0.1309083280530517,2.68963282360722,2.7598737876317685,0.31199078900476307,False,False
156,16,0.9069767441860465,AHC.PY sensi multiplier[HEFA],numeric,model_factors,0.1660592123685048,0.1660592123685048,2.8556920359757245,2.9259330000002732,0.28142898231800273,False,False
157,15,0.9127906976744186,OHC.PY sensi multiplier[HEFABrownfield]:OHC.PY sensi multiplier[HEFA],interaction,dynamic_discovery,0.16722272017017215,0.16722272017017215,3.0229147561458967,3.0931557201704454,0.2506123058161225,False,False
158,14,0.9186046511627907,WW.PY sensi multiplier[SludgeToHTL]:WW.progress ratios commercial[SludgeToHTL],interaction,dynamic_discovery,0.1975862930136228,0.1975862930136228,3.2205010491595196,3.2907420131840683,0.21314439914122096,False,False
159,13,0.9244186046511628,SE.progress ratios commercial[Jet],numeric,model_factors,0.20039408785032709,0.20039408785032709,3.420895137009847,3.4911361010343955,0.17506143672719987,False,False
160,12,0.9302325581395349,OHC.progress ratios commercial[HEFA],numeric,model_factors,0.2105687281160597,0.2105687281160597,3.6314638651259066,3.7017048291504553,0.13474968935812792,False,False
161,11,0.936046511627907,CHC.PY sensi multiplier[Thermochem],numeric,model_factors,0.2270802854282371,0.2270802854282371,3.8585441505541436,3.9287851145786923,0.09082103666751995,False,False
162,10,0.9418604651162791,inverse_OHC.PY sensi multiplier[HEFA],transformation,dynamic_discovery,0.2510628579809305,0.2510628579809305,4.109607008535074,4.179847972559624,0.04163893073504321,False,False
163,9,0.9476744186046512,WW.PY sensi multiplier[SludgeToHTL],numeric,model_factors,0.3025369395339511,0.3025369395339511,4.412143948069025,4.482384912093575,-0.0188187245578193,False,False
164,8,0.9534883720930233,sqrt_AHC.PY sensi multiplier[HTL],transformation,dynamic_discovery,0.3399163636318917,0.3399163636318917,4.752060311700917,4.822301275725466,-0.046511627906976716,False,False
165,7,0.9593023255813954,inverse_WW.progress ratios commercial[SludgeToHTL],transformation,dynamic_discovery,0.3527729491120234,0.3527729491120234,5.10483326081294,5.1750742248374895,-0.04069767441860461,False,False
166,6,0.9651162790697675,WW.progress ratios commercial[SludgeToHTL],numeric,model_factors,0.3980470649057697,0.3980470649057697,5.50288032571871,5.573121289743259,-0.03488372093023251,False,False
167,5,0.9709302325581395,sqrt_AHC.PY sensi multiplier[HEFA],transformation,dynamic_discovery,0.43636599594654923,0.43636599594654923,5.93924632166526,6.009487285689809,-0.029069767441860517,False,False
168,4,0.9767441860465116,OHC.PY sensi multiplier[HEFA],numeric,model_factors,0.6144314170022189,0.6144314170022189,6.553677738667479,6.623918702692028,-0.023255813953488413,False,False
169,3,0.9825581395348837,OHC.PY sensi multiplier[HEFABrownfield],numeric,model_factors,0.6406087805797809,0.6406087805797809,7.194286519247259,7.2645274832718085,-0.01744186046511631,False,False
170,2,0.9883720930232558,CHC.progress ratios commercial[Thermochem],numeric,model_factors,0.6683780919810326,0.6683780919810326,7.862664611228292,7.932905575252841,-0.011627906976744207,False,False
171,1,0.9941860465116279,sqrt_OHC.PY sensi multiplier[HEFABrownfield],transformation,dynamic_discovery,1.2043859727823754,1.2043859727823754,9.067050584010667,9.137291548035217,-0.005813953488372103,False,False
172,0,1.0,sqrt_CHC.progress ratios commercial[Thermochem],transformation,dynamic_discovery,1.3093503400030138,1.3093503400030138,10.376400924013682,10.446641888038231,0.0,False,False
